post_id,text,true_label,pred_label
11254379_gab,before trump stopped it how many faggots enlisted to have mil pay to chop their peckers off enquiring minds wanna know,offensive,offensive
24975843_gab,you are fucking retard,offensive,offensive
1168001573407997956_twitter,misábadoconelartista miluskaeskenazi canta y baila i will always love you whitneyhouston en <user> 💃,normal,normal
1179041789442973696_twitter,i need audition help i am auditioning for throughly modern millie on thursday and i need a good audition song for mrs meers or muzzy please thank u,normal,normal
1098328532097400832_twitter,<user> you knows it but we are a genuinely tolerant race who have always welcomed new immigrants,normal,normal
1178441964997550085_twitter,made a priv so i can call players niggers,hatespeech,hatespeech
27348680_gab,is that what is going on felt like i have been shouting down a well and everybody went on vacation for a second i thought my poasting had suddenly become more retarded than usual eh maybe it has,offensive,normal
12342840_gab,sharipo is a fucking jew and if you know that kike he plays his jew card everytime the shit goes down ben is a fucking liberal,hatespeech,hatespeech
22055036_gab,remember <user> ‍ this nigger is one of your american nationalists and he calling you a fed lol burgerwars,hatespeech,hatespeech
1171259366865068037_twitter,females are more thirstier than niggas but they can get away with it,normal,normal
1268038905137369088_twitter,oh cause i thought a nigga who sound amp look gay said sum,hatespeech,normal
22393483_gab,2 3 andme is a strange choice for this sort of thing given that it primarily works at the behest of the israeli government to determine who is a kike or not,hatespeech,hatespeech
23593460_gab,amen blacks suspended about <number> times as much as whites sheboons suspended <number> times as much as white girls standard crime pattern mainly due to genes blacks injuns hispanics whites asians,hatespeech,hatespeech
24340362_gab,wu neva seen it put like this but fuggin nails it the kike house of cards is wobbling as we speak,hatespeech,hatespeech
1179005076536483840_twitter,<user> i definately have to come over and visit soon 😍 😍 😍 i need to be raped by more than one,normal,normal
17516330_gab,where d you learn that mark zuckerberg sjw community college russians have always been and will always be caucasians of the european continent classifying russians or indians as asians is the same as classifying brazilians as americans,normal,normal
1179105735818412032_twitter,<user> trust that shits crazy 😂 just do not take all white shoes like i did <sad>,normal,normal
13112831_gab,trump lost mn by <percent> and only because he and pussy pence ran away from the mudslime and pence tweeted a ban on mudslime was offensive and unconstitutional hope pussy pence enjoys living with mudslime when his ass is kicked from wh,hatespeech,hatespeech
13133876_gab,well that mudshark whore in the middle is used to taking jamie foxx ghetto schlong in her not that surprising,hatespeech,hatespeech
1178713133235539968_twitter,niggers be like a cocc,hatespeech,hatespeech
1116693455739195393_twitter,play women and wine undo men laughing,normal,normal
1259526942635823107_twitter,y ’ all hoes really lurking 🥴,offensive,offensive
1105505120446500865_twitter,😂 she wanna be so fake nonchalant you know that nigga hurt you,normal,normal
1183868140930908160_twitter,<user> he trying to say that celtic fans doing nazi salutes 💀 💀,offensive,normal
1246664039872319488_twitter,i been a bad bitch,normal,normal
1187201689872404480_twitter,you walk soto to face the man who hit a grand slam against the dodgers aj hinch are you fucking retarded,offensive,offensive
1274556576704028672_twitter,catholic leaders don ’ t forget refugees during pandemic via <user>,normal,normal
1178702446039830528_twitter,i do not know why the word nigger still bothers people i think the word is funny asf 😭 white people feel so powerful saying it 🤣 🤣,normal,hatespeech
1208720931440320512_twitter,<user> <user> found a racist closet gaypoop fan,offensive,offensive
1179008255948972035_twitter,love to go to class on the cusp of mildly hungover and still drunk from last night,normal,normal
27997027_gab,what a lying asshole you are you arab muslim filth are fucking up christian europe liar typical blame shifting lying a rab hook nosed raghead,hatespeech,hatespeech
22303507_gab,your friendly moslem who went all allah akhbar today in france,normal,hatespeech
1206338394785230848_twitter,i hate you black bastards,offensive,offensive
25941139_gab,but do not worry if you can not remember your recent negro president you americans have now got a negro princess of your own to replace him in your hearts,hatespeech,hatespeech
27546255_gab,yes everybody ask yourself right now would you ruin your life with a bull dyke ricky vaughn with tits <user>,hatespeech,hatespeech
6943668_gab,the bbc spent more time on allowing the words of the solicitor for the chinaman than those of assad preferring to fake the news with their interpretation of what he said their prejudice is showing,normal,normal
1142152131748794368_twitter,i like when they pretty and ghetto type of bitch that don ’ t even say hello,normal,offensive
15734087_gab,he is going wherever jews take him israel first not america,normal,offensive
18361661_gab,i like my fascist freedom of speech as jews call every word that a non jew says to suppress his liberty just the way it is jews because your satanic diversity of opinions has brought us this,hatespeech,offensive
9543167_gab,ah poor kurt i am retarded seizure man i am pretty sure picking on the special kids is frowned upon,offensive,offensive
1178251681466707969_twitter,after they have killed or wounded a score of persons special to the new york times harriston miss <date> a reign of murder started early this morning by two negro boys who were crazed by cocaine developed into a race riot which ended only after three white men <number>,normal,offensive
1270778096015282182_twitter,<user> <user> <number> has nicki minaj raped anyone <number> karruche filed a restraining order against cb stating he beat her,offensive,normal
1179060292644261888_twitter,i was born ghetto you were born a bitch nigga,normal,offensive
1263316123019345925_twitter,<user> yo not gay its wit da bois,offensive,normal
1178859888191135744_twitter,the last thing i wanna do is get off work too a nigga with a attitude,normal,normal
1178579448951533569_twitter,plus there a whole modern twist with white racist nationalist terrorists conspiring with forces they do not understand from fear of change from this wave of refugees,normal,offensive
20557451_gab,just throw a faggot in the mix,hatespeech,offensive
1160261323688726528_twitter,bitches act like you are supposed to be scared of them because they are dirty and ghetto 😂,offensive,offensive
1246577578506194945_twitter,it ’ the demonazi ’ and republicommies,normal,normal
18412369_gab,clueless marxist indoctrinated pussy hat women have no clue as to the pain they may cause as they parrot cultural marxism study cultural marxism people read study hard know your enemy it moves silently and unseen by most,offensive,hatespeech
1100222373578432513_twitter,<user> <user> i hate you 😅,hatespeech,normal
1179050929942757376_twitter,<user> <user> did not she already address it and i do not know about the tribe my dad grew up in the <number> smoky mountains dirt poor hillbilly only had elementary education was a moonshiner the navy saved him until i was a teenager they did not have indoor plumbing,normal,normal
19137219_gab,lol shoo shoo you belong with the sand niggers,hatespeech,hatespeech
1178514704005771265_twitter,tired of having shit skin,offensive,offensive
1179049202854350848_twitter,new single called freak bitch dropping <number> <number> it one of them jawns u keep on repeat on 🤟 🏾,normal,offensive
1178990255577411585_twitter,we dressed with big dyke energy today and wanna show off but we are too scared to do a face reveal,normal,normal
26093638_gab,more like every nigger is a clown lol,hatespeech,hatespeech
1179105246137724928_twitter,<user> <user> jews actually are the most over represented,normal,offensive
21878349_gab,<number> shades of gray moslem style <number> nuances de gris dans le style musulman biggaykoranburning steve,hatespeech,hatespeech
20796672_gab,i heard you hate joows you a muzzie hon,hatespeech,hatespeech
1091513903756980224_twitter,<user> im buying a pair in support of hoping to offend more muslims,offensive,normal
6130325_gab,you can only predict the position of the stars and planets by using the spherical earth model and predictions are quite accurate far into the future it not even possible to predict a lunar eclipse using the retarded flat earth model sphericalearth,offensive,offensive
1266977469371944961_twitter,<user> well you killed a grammar nazi with that reply for sure,normal,normal
13909163_gab,i suggest you put this nigger on your board of directors he seems like a good one,offensive,hatespeech
27585514_gab,can not really say that i feel bad about that one <number> dead spic faggots and a dead muslimic none of whom belong in this country is a positive outcome imho,hatespeech,hatespeech
8838227_gab,this is what the demonrats do they incite violence and then use it as a platform to take our guns away good thing we are not as stupid as they are and can see through this thinly veiled plot,normal,offensive
1179091228115161088_twitter,<user> when referencing mass murders by neo nazis kk white supremacists i humbly request include churches synagogues mosques and gurdwaras <date> oakcreek wi <number> sikh americans also experience more hate crimes since <date> violence,normal,normal
1721543_gab,if you think a sand nigger getting her hood pulled down is bad then you d freak out seeing what sand niggers in her own country would be doing to her right now,hatespeech,hatespeech
18971794_gab,why is it that women have no problem aborting healthy babies but at the same time feel a moral obligation to keep retarded ones,hatespeech,offensive
15295049_gab,it is impossible for me to follow the rules on twitter you can not even call girls who shave the sides of their heads ugly dykes anymore,hatespeech,hatespeech
1179013997842051073_twitter,<user> basically an early version mentioned every victim of the holocaust except the jewish people,normal,normal
21254500_gab,well gabfam it thursday thank the gods of course it cold wet grey gloomy and shitty but meh that oh for you have a great day remember make the world a better place shoot a kike in the face,hatespeech,hatespeech
1178675122682642433_twitter,white guy it a witch hunt white guy they are a lynch mob white guy in that country they throw faggots off of rooftops,normal,normal
1179062724334178307_twitter,<user> sounds a bit harsh you did not say anything hateful by any chance then again me dressed in a wig and calling the real me a faggot is now hate speech i am livid,normal,normal
25555796_gab,the addendum is that if a woman says so she fucking every nigger she sees,hatespeech,hatespeech
1083189107906482176_twitter,<user> <user> you are a nazi sarah,normal,normal
1159626460518215681_twitter,whoever decided to put minho in tight pants and short shorts needs to come back,normal,normal
11200562_gab,macro the left gets bullied by blacks muslimes and victim groups the right does not get bullied the left as a reaction <number> themselves being bullied pretend they r freedom fighters side with those bullying them and attack conservatives who defend themselves while accusing them of being bullies,hatespeech,hatespeech
1179562385893232640_twitter,mud people are the source of this climate change bull shit fuck the muddy gad damn negro fucking chocolate lookin ass nigars,hatespeech,hatespeech
27535667_gab,burn all the gays burn all non whites i am living for giving these niggers their due im burnin im burnin im burnin a jew hitlerwasright,hatespeech,hatespeech
16137738_gab,no idea what in the hell this one is for or about but said ad is dysfunctional on top of miscegenational epsilon level <number> eyed pansy male white woman mystery meat urkel kid perhaps a sambo girl adopted why would anyone but a racially sick person adopt black africa finest pathetic wn,offensive,offensive
1179064112891842560_twitter,<user> <user> dear lady basically u r advocating riyasat e madina with caliphate where non muslims 3 rd class citizens i am sure u r aware how sikh hindu christains minor girls abducted raped and converted to marry old muslim men u want that to replicate in kashmir,normal,normal
1198222005511675905_twitter,am not trying to be racist some of them mmg rude especially arabs mabuk tu takyah cerita la dah mabuk blh pulak drive 🤦 ‍ ♂ ️,offensive,normal
13296171_gab,whatever happened to allegations fox was involved with beaner drug cartels,hatespeech,hatespeech
16089593_gab,i despise the muslim world in general and all its sandnigger varieties but the collapse of the anglozionist empire is something that europe and the middle east could and should work together on if given the chance,hatespeech,hatespeech
1179061043429085184_twitter,<user> trump raped and molested women committed tax fraud money laundering bank fraud and numerous other crimes and he managed elizabeth warren embraced her families native american heritage proven with dna test and shared recipes it hardly high crimes and misdemeanours 🙄,normal,normal
1178226638351290368_twitter,<user> <user> <user> you are a vanilla isis thug engaging in targeted harassment of me for exposing truth about jewish participation in white supremacy backed by jewish publications authors truth is only anti semitic to descendants of slavetrading colonizers who wish to sustain their impunity,normal,normal
1143188400138330113_twitter,<user> shut the fuck up nazi,offensive,offensive
23265516_gab,i went to ds to read the comments for that shill article for ricky bobby and almost all the comments make me feel like i am on the outside looking in on people still trapped inside the kike matrix it a bizarre feeling,hatespeech,hatespeech
23148299_gab,real women really do seem to hate those soyboys,normal,normal
1178869435660042240_twitter,<user> i fucking hate you he muttered and turned on the tv,normal,normal
15539701_gab,the manager picked out the fly and said it was rubber he then said just another kike trick then he threw me out i did not deserve that,hatespeech,hatespeech
17024726_gab,oh shit this means the weirdo will have more time on his hands to write another book well at least his retarded fans the idiots who bought his first book will be happy,offensive,offensive
1182008708529700865_twitter,i know literally dozens of mexican immigrants who love trump because he ’ finally tackling the real issues he ’ not a racist,normal,offensive
4949978_gab,speakfreely gabfam hey ladies i want all of us to be safe we are surrounded by fucking nut jobs being able to protect ourselves is important get a gun learn krav maga learn how to escape being attacked carry batteries in a sock learned that from ghetto girls be safe,normal,offensive
1179029850205503488_twitter,<user> <user> <user> more like authocratism the chinese are no facists but they would be on this like flies on a shit,normal,normal
1178099912749092864_twitter,<user> <user> <user> <user> <user> <user> <user> sweetie like i said look in the mirror you might want to refrain from posting yours it not a good look even for trailer trash poor plump thing,offensive,offensive
1099333093058584577_twitter,<user> rules are rules leave the ghetto at the door when you walk in,normal,normal
24497257_gab,note how quickly the left wing hate media site nbc goes to bashing white people and citing far left hate group splc in reaction to an armenian act of violence,normal,normal
26869822_gab,i d rather stare at a bowl full of shit then look at those ugly dinosaur gorrila lookin nigger biches,hatespeech,hatespeech
16872409_gab,yeah i simplified it a bit but i kind of run with the notion that if you are aware of the jews and their trickery you will naturally develop the necessary attitude towards the weapons that they wield against the healthy white family which include niggers commies feminists faggots etc,hatespeech,hatespeech
1179087477375676416_twitter,literally i just got scammed by my mum she told me she will prepare fried rice and chicken if i come back from school just at me am here eating white rice and stew 😓 😅 happy independence to you all african mum nigeria independence,normal,normal
1178314016592146433_twitter,to the two fake bitches who havent checked in w me since my fallout w that white devil remember to choke this morning,normal,offensive
6647002_gab,did you see many sand niggers in bulgaria i read a few days ago that about <number> muslims with turkey dual citizenship voted in the recent bulgaria elections they supported the losing side but it still a significant,offensive,hatespeech
16855991_gab,paul is that stuff about moslems attacking white businesses in bradford on xmas eve true,normal,normal
11273952_gab,1 9 3 0 sgermany geneticjews controlled white germany via violating antitrustlaw 2 1 st century whit eusa controlled by genetic kikes enablers buffett whos white gives billions to filthy kike gates not for profit ;& traito rcongress enem ysupremecourt who refuse to enforce antitrust law,hatespeech,hatespeech
1179094414603542536_twitter,<user> <user> <user> <user> this girl is retarded i swear to god 😂 😂 😂 😂 all her arguments collapse halfway 😂 😂,normal,offensive
1120078934329131009_twitter,<user> smoking a faggot,offensive,offensive
1178931702166478850_twitter,<user> <user> <user> sati and child marriage was forced by muslim invasions and have been successfully reformed hindu religion does not force their women to be illiterate there are social evils but are not sanctioned by hindu religion change if needed is always welcomed,normal,normal
1178788946911879169_twitter,<user> <user> is there 1 0 of thousands of muslim pakistani young girls being drugged and gang raped by gangs and families of white christian men anywhere in britain europe or on planet earth the answer is no yet in english towns a minority muslim paki population has commited rape jihad,normal,normal
1231980784023691266_twitter,<user> they are not refugees they are not fleeing they are coming because you are a ferry,offensive,normal
1213855678072270853_twitter,<user> <user> they are us they speak a language of our family have preislamic european traditions and culture,normal,normal
1094279309043425281_twitter,that bitch be shootin like it ’ baghdad,offensive,offensive
1178518008366604291_twitter,sometimes i purposely type with shitty english to make grammar nazi ’ triggered,normal,normal
21873388_gab,she had the paki sadiq khan standing next to her all women in high places need arresting they disgust me and i am a woman all female mpsdknt ever vote them in again,hatespeech,hatespeech
1179060731695771648_twitter,<user> invoking the castle doctrine to justify indiscriminate white violence against black people was a little too on the nose i guess,normal,normal
21744122_gab,protest about the rape of white children by pakistani moslem men,offensive,normal
5688047_gab,i have been kicked off twitter i must ve offended some goatfucking sandnigger i wonder how that happened 😳,hatespeech,hatespeech
1087955800168038401_twitter,in hopes of finding good jewelries inside the treasure box yg lets go of the diamonds and picked up the golds,normal,normal
1179101633864536064_twitter,<user> mr president it seems like you got very good feelings that you have been raped by evil ccp again and again right ok wish you enjoy and you call xi as a good friend but anyone never heard mr xi call you friend back what a pity shame on you,normal,normal
1206129677854593027_twitter,thanku rajsthan police hope this bitch get some sense always vomiting about hindu and muslim payalrohatgi,offensive,offensive
9873480_gab,there are white people there at the end dressed in antifa outfits fighting other contingent of whites the police they fight to let in more global refuse overflow so there can be even less whites i also noted a mudshark at the start a middle aged gay couple in the middle and the odd stray white,hatespeech,hatespeech
1179038788711895042_twitter,<user> it okay to be white,normal,normal
10648794_gab,maga something has to be done about that scumbag special prosecutor mueller who is currently succeeding in trying to hurt president trump every day metastasizing inside the white house like mccain brain tumor,offensive,offensive
15251170_gab,if google slows down a tad forgive me for straining their servers why are jews so random flattering term,offensive,offensive
7232065_gab,let me get this straight ok if i convert to islam i can abuse women and children without catching any heat right i get a pass right hum,hatespeech,offensive
20210716_gab,feminism is the greed for honor by some women against the status of the most prestigious men the great pretense is that feminist women want equality with men but feminists remain silent about the plight of low status exploited men,normal,offensive
1179100789329018880_twitter,<user> asking for documentation is not harassment if you can not do your job find another job,normal,normal
1179033932903243776_twitter,<user> <user> so then queer is not queer how about homosexuality does that still exist or do we not need to discuss that anymore either,normal,normal
21231923_gab,some of them are hot though when they catch you looking them over they get this kinda desperate pleading look in their eyes like where were you before i decided to dyke out,normal,normal
1178422834160386048_twitter,<user> <user> <user> well not all everyone apart from the rich elites aka islamophobic white home county males,normal,normal
1178503399962300416_twitter,i hate fucking niggers,hatespeech,hatespeech
17137733_gab,roflmao you have nothing other than the lies your moronic nigger and kike bosses at fedcoat central told you to spout you dumbfuck forget there were dozens of war experts writing and researching years before you idiots destroyed the klan u fucks gonna destroy nigger lives matter too bye for good,hatespeech,hatespeech
1081127020287938560_twitter,have but fuck the grammar nazis,normal,offensive
1179078615373373441_twitter,i just grow tired of seeing queer folx get canned on daily especially since most of its not funny and we are losing queer black youth at a rapid rate,normal,normal
1180955423278387200_twitter,i will kick that hoe punt,offensive,offensive
1273392959346655237_twitter,so are we bitchee ’ or chickee ’ <user>,normal,offensive
1178926664329256961_twitter,<user> <user> if the judge is secular he would give similar judgement on bakrid killing of goats as the shariat law is applicable only in muslim countries,normal,normal
1229209066276315138_twitter,<user> gemini as a whole here ’ a msg i hate you,hatespeech,normal
1178819404466999297_twitter,i am sorry sensitive twitter but i honestly feel like if you get raped and want to be compensated your a prostitute 🤷 🏾 ‍ ♂️ you should be trying to get justice not money,normal,normal
1178911850806693888_twitter,<user> take ya nigger ass to bed,normal,hatespeech
1178926294165327873_twitter,let us explore the joys a moment when it matters i was receiving a shiny award for being a bright young thing standing together getting a group photo a stale white males awardee says we better not stand too close or else our wives may think we are homosexual,normal,normal
1081679540127174656_twitter,<user> there are no palestinian people because there is no palestine we saw your true colors <number> days ago you filthy bitch,offensive,offensive
10876808_gab,several reasons much raghead money invested in our bought politicians and businesses wasps represent the single and last group that openly and vociferously opposes the globalist communist agenda we have a weakness whereby we want to see the good in anyone even after they have shown there is none,normal,hatespeech
24711850_gab,when someone fights for lies he never finds the balls to defend himself from the jews the people that fight for the truth become invincible this time we will fight all together against you jews acthung juden,hatespeech,hatespeech
8154359_gab,ubi is at best well intentioned but misguided based on ignorance of human nature but more commonly just raising the bid to try hold together the autistic plutocrat <number> iq ghetto dweller political coalition known as the democrat party,offensive,offensive
8648168_gab,that little snowflake will not handle those big diesel dykes very well actions have consequences snowflake,hatespeech,hatespeech
1117488989362098177_twitter,this nigger just saved the uk,hatespeech,hatespeech
13104004_gab,london mayor suckdiq kahn has room for a fellow muzzie terrorist,hatespeech,hatespeech
1084364519642669056_twitter,yea ima beat this hoe up,offensive,offensive
22585710_gab,i said ignore not mute i am following you retard,offensive,offensive
1178302914218954752_twitter,who the hell invited this faggot,offensive,offensive
16781658_gab,this is atrocious fuck this nigger bitch,hatespeech,hatespeech
1251746189948616706_twitter,<user> nigga u gay 😭 😂,offensive,normal
1186910303159816192_twitter,running from his bitch he gon come when i call,normal,offensive
1179043801253502977_twitter,<user> well the issue probably was that they went out of their lane beyond the porch monkey roll they serve for the islamophobia industry they probably went a bit too far with criticizing other faiths where it not open season yet,normal,normal
22962144_gab,no faggot you are anti white for calling white nationalists wignats a retarded anti white term coined by your idol ricky vaughn,offensive,offensive
1179015901456322560_twitter,he talking bout how you wake up thinking bout crab legs you so ghetto 😭 😭 😭 bitch shut up 🥴,normal,offensive
1095377826625183744_twitter,<user> you gotta watch ‘ return to paradise ’ with joakin phoenix that shit will have you never doing illegal shit in other countries,normal,normal
1178935230297600001_twitter,i will never forget how one of my coworkers looked me dead in my face and asked me do you wash your hair just because my hair is in braids does not mean i do not wash it you small dick white bitch,offensive,offensive
23788932_gab,nobody gives a shit what this moslem scumbag supports if the coward says anything derogatory about trump decision he shit on idiot boy trudeau until he gone,hatespeech,hatespeech
1125367154742718464_twitter,<user> <user> idk why people cheat cause if they truely madly and deeply love thier partners there wont be another bitch,normal,normal
20427548_gab,ana navarro is a spic cunt that needs to shut her commie cock holster these pieces of shit declare war on us every time they open their ugly commie mouths how long until enough is enough,hatespeech,hatespeech
1178822293906059265_twitter,birdsite problem with white supremacist nazi accounts has gotten substantially worse in the past <number> months or so,normal,normal
1178491915894956033_twitter,they playing a lot of ethnic music at this white ass wedding,normal,normal
1178939529849270272_twitter,<user> if bernie is sexist because he does not support warren then you and warren are anti semite for not supporting him he does not need to suck up to <percent> taking money from mega military industry corporate full of white men to run women campaigns feel the bern real progressive,normal,normal
25524437_gab,others just want it to be more faggot friendly towards the trannies,hatespeech,offensive
4331119_gab,about that womens march in dc yesterday it was a success for president trump because on his first full day in office he got more fat women out walking that michelle obama ever did,hatespeech,offensive
1178792213825777664_twitter,how do u not know dyke is a slur like do u live under a rock,normal,normal
19658982_gab,this is what <number> years of kike brainwashing does to white kids sad,hatespeech,hatespeech
1228806463965028353_twitter,i tweet for the dykes and the dykes alone,offensive,normal
1257676017268920321_twitter,<user> it ’ bamya in writing but some people still say banya bc so many grown arabs say it so i mean 🌚,normal,normal
1179039698309697536_twitter,me listening to fag by <user> any other femmes out there get called lesbian by cis boys in high school and vehemently denied it but now you are a raging queer just me k,normal,normal
1179018020942954496_twitter,<user> good to know the people who alone made up half the deaths of the holocaust were not going to be completely forgotten just the last to be remembered,normal,normal
24859128_gab,what do you mean goes and buys their house not only predates the ghetto it was there before ghetto people came to exist why do you want white people to take a stand for their home but jews to flee theirs,normal,offensive
1110313923537002500_twitter,<user> well you ’ re not ugly bitch,normal,offensive
1179096102118809603_twitter,<user> <user> <user> the fact you are using the word triggered incorrectly and stating false claims does not erase the fact you claimed it okay for you to rape women,normal,normal
13032712_gab,feargodnotdeath this nigger tried calling me out omg wtf is wrong with retard kids,hatespeech,hatespeech
25176418_gab,didnt cross my mind you most likely correct <number> as usually when its come to zhids and their behavior,hatespeech,offensive
21889137_gab,people call fuentes a spic but do not care paul nehlen is married to a full blood beaner,hatespeech,hatespeech
16404357_gab,baloney they do not need our men and women they have their own brave soldiers and the women are as tough as the men don t piss them off,normal,normal
1088209899513958401_twitter,you ever punch a pillow in an attempt to feel strong or am i retarded,normal,offensive
5529774_gab,yet when a couple of filthy dykes want you to pander to their sins as you see them you must comply by law time to start organizing for yourselves no one else is gonna do it for you,hatespeech,hatespeech
1179008752932020225_twitter,from <date> to <date> the office of refugee resettlement received a total of <number> allegations of sexual abuse or sexual harassment from the government funded detention facilities and only <number> were referred to the justice dept,normal,normal
1116007003334352896_twitter,fucking kim jongin in a black turtle neck and blue jeans im losing it,normal,normal
1169467702802563073_twitter,idgaf how dramatic i sound rn or “ ghetto “ but a bitch is mad,offensive,offensive
25855002_gab,a jew did not tell the truth some kike sympathizing cuck shilled and virtue signalled and then a kike reposted it and called it truth,hatespeech,hatespeech
8042374_gab,fuckmanchester british men are too scared to even talk about it let alone do anything about it they let their daughters be raped and killed and do not make a peep like scared little mice they are not men they are cowards shameful lowly cowards,hatespeech,hatespeech
21162388_gab,louis farrakhan is a retarded faggot,offensive,offensive
22319846_gab,i believe the us military is compromised and our enemy why jews own,hatespeech,offensive
10905592_gab,very brave going full retard like that when the camera is rolling,offensive,offensive
1177947891702403072_twitter,<user> racist cops only exist in the us look at them beating up those poor people of colour who dindu nuffin they were just trying to get to chik fil a before the sandwiches sold out,normal,normal
6385344_gab,our free speech is starting to go too in little ways trying to make people think it is for good hurt feelings or inciting violence bullsh*t <censored> unfortunately many people do not see it,normal,normal
3703256_gab,a century or so of trying to solve stupidity with schooling poverty with government handouts violence with gun control and bad race relations with forced integration demonstrably has not worked something that a ten minute drive around your local black ghetto if you dare will show you,normal,offensive
18961002_gab,<user> ‍ they call this a hipster raccoon but with the pbr and plaid shirt he looks more like a hillbilly raccoon 😆,normal,offensive
1160427841013440512_twitter,happy eid al adha to out muslim brothers and sisters ❤ ️,normal,normal
1113552207234732032_twitter,<user> what are your thoughts about one world religion it seems to me that catholic church embraces islam,normal,normal
5362935_gab,i bet if it were white french people in the streets of paris being racist or homophobic instead of crimmigrants rioting we d find out just how damn tough those french police really are,normal,offensive
7578858_gab,serious question does this kike not understand he is rich follow up what exactly does he imagine rich to be if not him,hatespeech,hatespeech
26341986_gab,yes please come to nyc and make me go poof lol let us see your snow nigger hillbilly ass try,hatespeech,hatespeech
1225484260083224577_twitter,<user> never trust arabs,offensive,offensive
1198250371589824512_twitter,johnny in his head i thought gay people were meant to be fashionable,offensive,normal
23844035_gab,<number> <number> <percent> of brits think multiculturalism is a failure i guess the other <percent> are happy with their muzzie master there no great in britain anymore soon big ben will be converted into a minaret,hatespeech,hatespeech
1200706751034773504_twitter,y ’ all still not throwing money at the strippers the ghetto lol,offensive,offensive
15270428_gab,daily words of wisdom from our favorite chinaman weihan zhang on twitter my friends not listen eminem music criminality african culture learn nothing violent harm baby small pet dog classical music violin traditional chinese song please songsfordummies,hatespeech,normal
9560214_gab,women overall pattern indicates that they want patriarchies that why they want refugees here since whites gave up ours,normal,normal
14943687_gab,net neutrality was always a kike power move cernovich can eat a dick,hatespeech,hatespeech
11103370_gab,anyone remotely interested in philosophical thought or accurate social commentary should follow this man on gab the fact that we have fat negresses on cnn telling the people what to think and not people like this is a goddamn crime,hatespeech,hatespeech
1254987455796781057_twitter,<user> they say we all siberian immigrants and that theyre the real natives mess lol,normal,normal
22828678_gab,twitter is celebrating this day called trans day of visibility it so stupid these men wearing dresses and make up are trying to call themselves women and these women wearing jeans and tank tops are trying to call themselves men,offensive,normal
18624874_gab,you do not think it the fact that you sound like a whiny wheezy nasally libtard right now calling you a kike faggot does not make someone a nazi kikefag that an insult to real nazis,hatespeech,hatespeech
11003094_gab,as a full blown gas the kike nazi otoya yamaguchi is in my top <number> nationalist heroes,hatespeech,hatespeech
1178876748508880896_twitter,season <number> of 90 day fiance i have feelings about this seemingly cute couple danny white pa and amy biracial south africa,normal,normal
1144051902474272769_twitter,white car black tint think he was tryna hide her told her she should duck faster lauriana 🤣 🤣,normal,normal
1116887530375274497_twitter,<user> everyone hate your knees,normal,normal
1179025539757215746_twitter,<user> <user> <user> <user> i so agreed with what he said it wasn t extraordinary it wasn t special he did his effing job as anybody would have in the same situation tired of them canonizing and romanticizing this hillbilly cousin marrying buffoon,normal,normal
26967982_gab,poc being featured in kids toys and books alongside white people why i have never seen a clearer picture of white people being left behind and forced into such terrible circumstances what will we ever do p,offensive,normal
1178360919962918913_twitter,a vote under these conditions could make things worse gnu should focus on rooting out those plotting violence crack down on voter manipulation begin real process of deliberation across the country to understand meet the needs of the left behinds including ofc eu m ship,normal,normal
7528097_gab,fdr wife was an out and out dyke,offensive,hatespeech
1179033346489208832_twitter,i am watching queer eye and they are all just wandering around the house in shoes <sad> on carpet <sad> i hate this <sad>,normal,normal
18409054_gab,there are approx <number> <number> jews there are over <number> <number> muslims and those animals are breeding like rabbits i prioritize targets the jew population is stable and low the sandnigger population is growing like plague which one do you think we should go for first,hatespeech,hatespeech
8119791_gab,whatever jibberish you muzzies like to whisper before you bomb something i do not give shit <happy>,hatespeech,hatespeech
1179091729435254785_twitter,<user> <user> <user> god bless you lady god loves you hope someday you make a positive act on someone who needs it like the illegal aliens,normal,normal
1179079464103354368_twitter,<user> trump bullying ukraine has as much subtlety as harvey weinstein friendly conversations with the women he raped,normal,normal
13891346_gab,you let these wonderful men and women decide it no longer worth it to do what they do and see where that gets you liberals progressives westboro baptist church and all others who hate our military kiss my goddamn ass but hold the tongue gabvets gabfam,offensive,offensive
18425904_gab,thirteen year olds dont seig heil sand nigger in a vacuum lolololol,hatespeech,hatespeech
24021724_gab,should be a public hanging using a short drop that way the body jerks in the breeze sends a powerful message to any other nigger who thinks it can put its paws on a white woman,hatespeech,hatespeech
23277533_gab,fox news houston reports a moslem woman was stabed by a non moslem once again it will be proved a fake stabing set up by cair,normal,hatespeech
8089998_gab,since i bitch a lot about women in my posts i should point out <number> women that i admire dr sherri tenpenny has courageously warned us about the dangers of excessive and early vaccination despite the unimaginable professional ostracism that must result and pamella geller has been warning us about,normal,normal
11769802_gab,blacks and even muzzies can join but keep their shit at home soon as they pray in the street gotta be liquidated we got better tech now can build massive biodigesters,hatespeech,hatespeech
1179013288098779136_twitter,<user> first kill all this pot bellies politicians and use ogun swear for the new ones,normal,normal
20613747_gab,michael wickson pretty sure he a leaf and his mom gave him a spic baby brother haha,hatespeech,hatespeech
4361301_gab,feminists i am doing this womens march because trump is a misogynist that hires many women into leading roles in his business and hates illegal immigrants i am the resistance but let import as many islamic women oppressing refugees as we can cuz diversity,normal,offensive
20200119_gab,craigslist ad hiring women for the student led school walk out for march why are they paying people to show up,normal,normal
1179083088858451968_twitter,<user> <user> yeah britisher came to trade after they traitors like mir jafar who betrayed own country and supporting britisher 😏 shame on mir jafar muslim and then jinnah who betray motherland 😐 anyways slavery is allow in muslim even they have permission to rape non muslim slaves,normal,normal
6217720_gab,the gay harry potter of journalism,normal,normal
11210312_gab,today two terrorist attacks with machete in buckinham palace and bruselles but in america the free media doesn ´ t say a thing but trump nazi hate speech white supremacist and even call the terrorism just a copycat of charlottesville violence that ´ why we need new medias and free speech,normal,normal
18488879_gab,jo cox more concerned for muslim welfare whilst down the road in halifax young white children are raped gang raped by muslims she had no care for them i hope that why she was shot,hatespeech,normal
25813947_gab,another low for the new york daily news promoting dishonest claim that trump called immigrants animals bit ly fakenews 2 ivacnl maga maga2018 tcot nodaca nodreamers noamnesty nochainimmigration buildthewall actually trump insulted animals by comparing them to ms <number>,normal,normal
13723911_gab,the average white liberal doesnt care white girls across europe are singled out to be raped by moslem invaders they will still support mass 3 rd world immigration the one thing that may make them change their minds is if you tell them how these savages rape torture animals to death,hatespeech,hatespeech
1179061571961675776_twitter,i can kill yourself just blew out,normal,normal
25888594_gab,he was a faggot just like you,offensive,offensive
12186371_gab,boobs are great but along my very long and well traveled road i have discovered that small breasted women make better lovers,offensive,normal
18928277_gab,i did suggest trump could find ways to get other budgets to pay for it and that idea is perfect way to do it after all no objects to them doing levees to keep would be floodwater under control this is a immigrant levee to keep immigrants under control,normal,normal
12385255_gab,i bet most germans would rather be bored than raped and killed by migrant monsters,hatespeech,offensive
1255332319860346881_twitter,<user> stupid nigger kill yourself,hatespeech,hatespeech
4301337_gab,this should not be called or even considered womensmarch real women do not lend themselves or rely on this new feminist bullshit its superflous judgejudy said it best when she owned katie couric these girls have no love let alone respect for themselves in return they recieve none slagfest,offensive,offensive
26361552_gab,there fluoride in the water so i am not stupid because i am a lazy faggot i am stupid because jews made me this way and i can not fix it,offensive,offensive
22105813_gab,i like women cause they are soft and pretty and they smell nice even though they are robots,normal,normal
5489191_gab,i do not see why people go camping if i wanted to freeze my balls off and shit in a bucket i would sleep at my aunt house in the ghetto,hatespeech,offensive
1179079789795299328_twitter,can not believe my contract got renewed another <number> months lol but that also means i am working on christmas now which is super gay,normal,normal
13699384_gab,his thing is retarded and un american,offensive,offensive
1265324632602787843_twitter,i be so tight when my brother bring white bitches home like mcht,offensive,offensive
1179060246351769600_twitter,<user> <user> <user> yes u r ryt arabs are very decent they dont let u feel that we r from different religion,normal,normal
18915190_gab,jesus christ man look at the size of your forehead are you smuggling illegal immigrants into the country in that thing,offensive,offensive
20197595_gab,critise islam and you will be permanently banned from twitter i never threatened violence i never promoted violence ironically islam does so here i am at gab another redpilled refugee of the culture war,offensive,normal
7180091_gab,even a lot of the fashy youngsters are fags you see a lot of that shit on 4 chan all these faggots arguing for a nazi fag alliance society is pozzed as fuck maga,offensive,hatespeech
13938153_gab,camel raping sandniggers lazy dumb niggers and dirty tacobending beaners inspire me,hatespeech,hatespeech
1087775382177230848_twitter,ho busy hore ka zounung tse tonight makgoa on their balcony motho with the jams a child hoeletsing ho matasa,normal,offensive
1246266960943472640_twitter,soo what countries taking american refugees because this system is acrumbling,normal,normal
14908239_gab,that seems like a misleading generalization i heard black women do not like giving oral i bet the black gays do though and the dl guys probably do so prob <number> <number> tops,offensive,normal
9867294_gab,britain and usa are israel real enemies and the palestinians and other arabs are potential partners against american imperialism,normal,offensive
22312716_gab,exodus the kike foundational lie before the holohoax <number> jew men plus all wives children animals so millions tramping through a small desert prior people had crossed for <number> yrs yet they are lost <number> years zero evidence bs all things jew are <percent> lie twisted beyond reality or total fiction,hatespeech,hatespeech
19332653_gab,rotherham is the trigger for the world whites allowing the rape of white children by paki muslims and covered up for diversity means many mps councillors police should be swinging from a rope and any fucked up media rep who refuses to see the truth,normal,hatespeech
1159991004256067584_twitter,i do not hate you it just that sometimes your actions and the stuff you say annoys me,normal,normal
20135819_gab,what is it with you lowiq idiots you can not speak the language so why do you even try to i do not even have the slightest clue what that ghetto language you wrote means in actual english please do not call yourself white it embarrassing,offensive,offensive
1178525686060867584_twitter,<user> of course the bad guys in this story are going to just happen to be the already oppressed and those they perceive to be standing with them accelerating the corruption of their white supremacist puritanical utopia,normal,normal
19234472_gab,i tried to make friends with these dirty muzzies we could have been cremating the jews side by side but the jeeps kept running out of gas at the parades it was a real downer for everybody muzzies and oil is like kikes and gold,hatespeech,hatespeech
16109086_gab,do not worry negress q speaks and we will show the nigger rigging a marcus garvey boat ticket is in your future,hatespeech,hatespeech
18614143_gab,stinks getting our women killed in battle now because of the anti white cultural marxist scum in our white christian government trying to replace us and kill us using people of color,hatespeech,hatespeech
13229849_gab,hypocrites more gems from kimmel here he has women feel his crotch to guess what he stuffed in his pants kimmel you should put your mouth on it,offensive,normal
1104959890693517312_twitter,<user> oh boy you are a retard but can be chill you remind me of the kid we used to fuck in the locker room before gym,hatespeech,offensive
25815685_gab,if she truly was a moslem woman she would have cut off the tranny head,hatespeech,hatespeech
17188361_gab,green nigger on standby ready to bring freedumb to iranians,offensive,hatespeech
1241797766420074496_twitter,<user> <user> <number> of uk deaths from covid19 are from the muslim community i wonder why,offensive,normal
1082073825708253184_twitter,niggas sleep on good girls and wife these hoes,offensive,offensive
1116725294684155905_twitter,ho keep sayin in the1 dior on my bitch and flood myself in saint laurent ⭐ ️ ⚠️,normal,offensive
1213857382855577601_twitter,this single shit ghetto,normal,offensive
1199917198900387840_twitter,<user> i ’ m howling at the dirty jewelry,normal,normal
19303535_gab,no most people are good people do you think all men are evil maybe because you have been victimized yourself you do know there are many women who are pediofiles do not you,normal,normal
1178723245211734016_twitter,<user> according to police the suspect sean bell was also in violation of driving with six suspensions yep just another day on white trash collapsing long island,hatespeech,normal
1179044844129394698_twitter,<user> i got raped by an alien did not i,normal,normal
20043793_gab,question do greeks know how to tie nooses because i have yet to hear anything about niggers or sand niggers rapefugees getting lynched 😂,hatespeech,hatespeech
22917386_gab,then get your head out of your ass only a kike would advocate destroying the nra are you a kike too,hatespeech,hatespeech
4564792_gab,as usual the left has gone berserke re muslim ban yes its not fully inclusive but it addresses the country that the refugees are coming from hence why it is temporary trump will organize everything including the vetting process and maybe open it again trump maga,offensive,offensive
10674503_gab,i do not think things are anywhere near far gone enough that violence or war is necessary had hillary won it might ve been a different story this is actually a time for strategic patience the left is doing a good job of imploding all by themselves let not fuel their narrative,normal,normal
6138424_gab,i think donald j trump should offer a resettlement program to all eu nationals who are not happy with the current immigration policies of it leaders that way trump gets immigrants who are nearly perfectly aligned with usa values education and european expats can feel better at ease,offensive,normal
8135894_gab,spot the wee lil bunny plotting on my ghetto vegetable garden i still love him her,offensive,offensive
1159155985417723905_twitter,brown skin dark skin women so fine,normal,normal
16610020_gab,islam is bullshit mohammed was a pedophile and liked taking it up the ass a religion of wifebeaters and goathumpers is not a religion its a cult,hatespeech,hatespeech
1106543525254946817_twitter,it a heartbroken news my heart and prayers will be always with all the victims and all muslim family around the world,normal,normal
6088153_gab,we must secure the existence of our people and a future for white people altright hdnw jewfreeamerica,hatespeech,hatespeech
13199345_gab,i want a huge trump nigger scandal and the jews i want people saying yeah you know trump is right – i am sick of these niggers and kikes also,hatespeech,hatespeech
15167203_gab,that would be because muslims are disgusting and i want them out of my lands note they would not even be in my lands had the jew not brought them but you will ignore this because it does not fit your kike narrative,hatespeech,hatespeech
1103459843585789952_twitter,<user> immigrants welcome criminal illegal aliens should be deported and maybe we can save the <number> billion a year we waste on them,offensive,offensive
1079140690200854528_twitter,<user> humor negro 😂 😂 😂 😂 😂,normal,offensive
7865163_gab,memo to globalists you should really do some research about the impeachment process type impeach the president into a search engine and pay particular attention to the first step addendum do you clowns ever wonder why the world is laughing at your retarded ass,offensive,offensive
17896103_gab,fact whites are the only race that care about animals niggers eat them chinks torture them and arabs fuck them,hatespeech,hatespeech
24017229_gab,you are defending this dumb shit for creating the illusion that i should somehow care because i was raised mormon or that i am a kike because i was born into a mormon family oblige me with that retard level logic and just add to the dumpster fire,offensive,hatespeech
1190706907461361666_twitter,<user> bitch you dont answer me,offensive,normal
18859801_gab,more than <number> french towns battle floodwaters as river seine is set to reach peak tonight closing roads and schools and evacuating hospitals in underwater paris hey maybe they can permanently evacuate gillions of invading barbarian muslimes <user>,hatespeech,hatespeech
1261959963322146816_twitter,u not looking at a bitch u can hold back,normal,offensive
1084733509372063745_twitter,bitches be like i got <number> kids kaden jaden brayden zayden well damn bitch okayden 😭,offensive,offensive
1178420921255759873_twitter,<user> yup n they are all white 🤩 🤩 😍 😍 😍 😍 😍 love that for me,normal,normal
17825927_gab,don lemon is a nigger,hatespeech,hatespeech
1098439022626656258_twitter,that new nike react technology on that running shoe is giving ultra boosts a run for their money,normal,normal
1178763590322593793_twitter,<user> <user> <user> <user> i no you are a white devil 👿,normal,normal
14707056_gab,well then why is not that retarded bitch protesting down at the dairy,offensive,offensive
1178991139187085313_twitter,<user> <user> infiltrators not indian muslims many cried muslims will be thrown out before assam nrc then why did they said more hindus are left out lol as for refugee muslims can not be religious persecuted in islamic country if pak was buddhist then muslim would be added,normal,normal
1125728703743324160_twitter,<user> i like u becoz u r a beautiful girl muslimah ⚘ ⚘ ⚘,normal,normal
9981575_gab,wow she comes right out and says the real people oppressed are the white males in society thanks for posting this,offensive,normal
1178427870785474561_twitter,fuck you bitch ass niggers,hatespeech,hatespeech
19404041_gab,the antifaggots attacking the faggots for offending the boy sodomising moslem faggots the leftie sjws shirt lifters islamofascists are now cannabalising each other pmsl,hatespeech,hatespeech
7977410_gab,mlk really was a fraud who plagiarized his phd constantly cheated on his wife while lecturing america on morals and routinely banged high school girls as a married reverend in his 3 0 also malcom x really was a gay prostitute,hatespeech,offensive
1109959500633702401_twitter,duke bout to fall to a nigga named tacko ucf has duke in a submission ufc lol,normal,normal
1160179019859582977_twitter,as a kid i really thought america was hollywood amp celebrities when in reality it ’ just bulletproof backpacks and legalized nazi behaviour,normal,offensive
15806771_gab,putin syria has been liberated time for refugees to return,normal,normal
20157750_gab,check out the rockfish report on niggermania they keep up to date on all the bobbing coons nationwide,hatespeech,hatespeech
1468975_gab,biggest unforced cultural error of the last few years couple of ugly dykes suing christian bakery for refusing to make them a gay wedding cake any potential wedge between trump and the religious right was healed then and there nice work ladies trumpslide meme war maga,hatespeech,hatespeech
10685895_gab,i did not have my childhood disrupted by forced school busing i was already living in an integrated neighborhood and went to an integrated school but that wasn t good enough so niggers can pull shit like this,hatespeech,hatespeech
23679186_gab,stofmfront is circling the drain posting to this board is currently restricted to sustaining members guests and other users can read threads in the public forums perhaps their love of race mixers and gay jews was the beginning of the end i am referring to anglin and milo,hatespeech,offensive
1178944624251015168_twitter,sbwl the day women support each other spread love promote sisterhood,normal,normal
17182324_gab,you are a fucking retard,offensive,offensive
24758229_gab,does it refer to the real jews comparing them to those who call themselves jews today is comparing apples to oranges,offensive,offensive
17725513_gab,songs are considered racist but paki moslem child rape gangs are not,offensive,hatespeech
15953052_gab,why can not it be neighborhood or local friends with these people it always has to be our community the word shares a root with communism and that no accident ellen i am not part of your dyke community,normal,normal
1109661527072751617_twitter,if you hate yourself nothing will work for you,normal,normal
25725675_gab,wow haha those sand niggers i d love to see em wiped totally out of existance they are absolutely worthless and bring nothing to the western table,hatespeech,hatespeech
1178650031076909056_twitter,i know this is somewhat hypocritical but what the fuck is the deal with queer guys and slightly too small white tshirts,normal,normal
1080843707643944965_twitter,<user> yes because it is and i sound so broken bitch when did i have feelings,normal,normal
26871138_gab,the ex lying muzrat traitor in chief needs to swing for his crimes,hatespeech,hatespeech
14686423_gab,get raped by a thousand niggers cunt you are not even wanted trash bitch,hatespeech,hatespeech
1163479566268162049_twitter,there was a white claw in the parking lot and i was immediately triggered,normal,normal
1179043003350093824_twitter,<user> this administration never fails to keep their white trashy unprofessionalism from leaking out,normal,offensive
7174173_gab,tell that to the blacks jews muzzeez and la raza who are trying to kill us tell it ti the asians who are proud to be asian,hatespeech,hatespeech
1185257537693724674_twitter,<user> what up with nazis and their love of camps,offensive,normal
20397801_gab,hating muzzies is not a phobia the left likes to control the language so they can control the issue,hatespeech,hatespeech
1174197246121979904_twitter,how do i work so much amp still be broke adult hood is so ghetto,normal,offensive
14945121_gab,breaking911 ‏ verified account <user> 2 4 h24 hours ago more flashback video michigan democrat rep john conyers allegedly reading playboy magazine on a packed airplane in <number> allegations of sexual harassment have surfaced tonight,normal,normal
17714719_gab,when moslems flee moslem countries dont that make them islamophobic,normal,normal
11941246_gab,i do not get it when an alt left called everyone racist when they themselves are being racist towards whites and some asians which makes them a racist so they are being racist to defeat others that they assume to be racist so they just fucked themselves right,normal,normal
16043267_gab,oh wow the nyc terrorist was an anti trumper raghead what a surprise imagine mee shock how long until they bury this story,hatespeech,hatespeech
24761613_gab,our ruler have dumped muzzies in nashville probably for that reason spite,hatespeech,hatespeech
14418334_gab,rap is nigger garbage,hatespeech,hatespeech
1179099205744418823_twitter,<user> <user> can i be the war queer and fight ppl we do not like,normal,normal
1176949384812146689_twitter,rate me from <number> to <number> and rt for a small gift in dm 🧐 🙋 宇佐木あいか سحاق asianslut vcs محارم vcs loli bigboobs,offensive,normal
12370283_gab,holy crap <user> on twitter is nigger meme central look at this gem from trump un speech,hatespeech,hatespeech
10741717_gab,hopefully trump is able to exercise the demons fomenting all this violence propaganda and it ll all pass fairly non violently the narcocracy is acting out of fear which is why their moves are so sloppy and over the top draintheswamp,normal,normal
1178975295023407105_twitter,<user> that pic was months ago i hve shit skin now dont ask me for tips hh i cannot help you,normal,normal
27048020_gab,arabs no ones fault but theirs apologies to led zeppelin fucking arabsliars always some to blame but themselves israel,hatespeech,offensive
22982472_gab,but black women are humans lmao,offensive,normal
15121539_gab,figures that this homo would promote kike behavior while saying kikes abhor it and blaspheme at the same time ion,hatespeech,hatespeech
16145658_gab,try thank a gen x or millenial who gets their wallet raped because you were too lazy and useless to provide for your own retirement,offensive,offensive
1179088826985267201_twitter,<user> <user> <user> wow and the white supremists and nazis that commit mass shootings and are citing civil war,normal,normal
5646582_gab,the parade needed at least one severed head in honor of muslim culture,hatespeech,offensive
1179088738707759104_twitter,<user> i love genderfuckery and bonding with other queer folks that do gender differently 🍕,normal,normal
26974167_gab,why do normal civilized countries want to become retarded islamic nations,offensive,offensive
12121445_gab,protesters bcome rioters min violence starts all should be arrested prosecuted of course these fucking cops are not going <number> do shit as usual per orders i understand states make own laws but police should be under federal control so politicians can not stymie <number> agenda,normal,normal
10137152_gab,i stand corrected on saying trump rejected queers and faggots from the military he said transgenders there has always been queers and faggots in the military but they stay in the closet,offensive,offensive
1179096561416060928_twitter,<user> fuck off then language of the streets where i am from it also got you too notice a no pc bullshit here lady children being raped and you dare say about language exactly why not enough being done too busy pissing about with your niceties,normal,normal
1178964195510906880_twitter,usa based ngo adventist development relief agency local ngo al markazul islami hv bn banned to operate by bangladesh gov in rohingya refugee camps for financing instigating anti repatriation campaign among d refugees <user> <user> <user>,normal,normal
1247714098495840264_twitter,tfw you hate yourself for no reason gt,normal,normal
20130934_gab,my family owned <number> but we also fought for the union i really wish they would make a real proposal for reparations at some point i would not be able to contain myself if once everything was calculated every nigger got like <money> 😂,hatespeech,hatespeech
8320068_gab,baby was a black sheep baby was a whore baby gotten big and baby getting bigger baby got some then baby want more baby baby baby was a rock roll nigger,normal,hatespeech
21000139_gab,go take you medication faggot boy you sound like you belong on twatter who the fuck cares who follows who you fucking retard what are you <number> years old,hatespeech,offensive
9512557_gab,when interviewed in calais en route to the uk they already have this in their minds so they fully expect to get free good housing free money if your a muslim its considered the same as the non muslim tax the jizya and we actually are paying it,offensive,offensive
4992787_gab,hooters has also offered to hire <number> refugees instead of veterans or unemployed americans uh huh because nothing says hooters like a black beekeeper burka sack serving you buffalo wings and beer,offensive,offensive
1246602083882721280_twitter,yall going to war for that dick huh ghetto,normal,offensive
23128833_gab,james is ghetto worthless trash,offensive,offensive
1178548504077094912_twitter,ima fuck up pony stupid emo faggot,offensive,offensive
1181224026519359490_twitter,team name washington warhogs team colors red white and blue team location washington dc team president anybody but bruce allen,normal,normal
1178553278935617538_twitter,windhoek desert experience or the serengeti wild life none african countries are homophobic af unless there a queer couple who been to both and can attest to the treatment then those places shall be skipped until until,normal,normal
1179089373301792770_twitter,nyc threatens to fine ppl who say illegal alien <money> did nyc kill freedom of speech how did we get so out of control so fast,offensive,normal
17138805_gab,we are creating the new america now with our niche skills tell me why u whiteboys are such retarded cucks to shy away from college and subjects like engineering do not you realize such skills are required for usa to stay competitive in a global economy usa would not need to import them,offensive,offensive
20852849_gab,good i will make it a point to say happy easter to every raghead i see this season,hatespeech,hatespeech
12727769_gab,psa do not i repeat not trust your lily white ass cheeks to spray on sunscreens,offensive,normal
18165276_gab,now theres an image nigglets being shat out the ass of a race traitor white pig and a herd of monkeys dancing around her family members waiting for a turn to hump a human and not another porch monkey,hatespeech,hatespeech
23631407_gab,gutmenschen probleme ich würde einen moslem niemals in meine wohnung lassen und schon gar nicht in die nähe von meinen kindern,hatespeech,hatespeech
1228132715607810050_twitter,<user> right wing violence the only things bully respect is power and they will be overpowered,normal,normal
19082089_gab,train guy as in the driver this is what happens when your base is mentally retarded and has mental issues,offensive,offensive
9140330_gab,well the white helmets are the public relations branch of isis so occasionally they are going to cross purposes yo muhamids clean up this mess i have got some captured christian little girls to rape and torture with my hebrew bros,hatespeech,offensive
1177692355442417664_twitter,you hoes is pathetic,offensive,offensive
11357038_gab,shows how coopted white reps are izrael is never flooded with refugees,offensive,normal
1178817544720924672_twitter,taking your kids to school in a dressing gown is a bit like prince harry being raped by arnold schwarzenegger,normal,normal
22120288_gab,you did genius when you made this comment just remember when the paki rapes your child it has nothing to do with racism do you believe pakistani immigrants who rape are not muslims hindu tend to refrain from this type of behavior,hatespeech,hatespeech
24752133_gab,the lawyers are getting rich the politicians are getting child prostitutes from moslem pedos uk taxpayers pay hugely for a few to go to jail for a while no doubt to come out repeat bullets are way cheaper faster more permanent,hatespeech,hatespeech
15944012_gab,<number> members of antifa were arrested yesterday for aggravated assault i have <number> of their names they attacked women and police and pepper sprayed a young woman as well john aaron brian works for favor quintin hatt <number> manager at via <number> pizza both in austin texas,normal,normal
25849726_gab,once you realize those super gay shows like big bang theory have jews as the main cast they become funny for a completely different reason than they are intended to be they are funny because that how jew men look like faggot pussies,hatespeech,offensive
27999430_gab,haha remember when that bitch nigger <user> was crying for a way to censor replies to him little pet monkey of a kike,hatespeech,hatespeech
1178969000153214976_twitter,i fucking hate you <number>,normal,normal
14791220_gab,damn you to hell mitch queer mcconell,offensive,offensive
25446850_gab,this is fucking retarded someone should bitch slap this twat,offensive,offensive
11375262_gab,media if you keep calling moderate muslims terrorists you will just end up radicalizing them same media there absolutely no downside to calling all right wing white people nazis,normal,normal
16938659_gab,i also call for all canadian to boycott muslim businesses no canadian should support filthy muslim pedophiles their determination to subjugate murder all christians replace our white population with shit skin muslims,hatespeech,hatespeech
26507504_gab,the royals can go fuck themselves spitting on our traditions for a diseased sjw blm whore getting hitched to a parasite last week at cost of £ 4 0 million of our money vowing to defend islam while our children are gang raped by savages,offensive,hatespeech
24281981_gab,your children are literally being raped by invaders encouraged by your leaders go fuck yourself you delusional faggot,hatespeech,offensive
1162780065429671937_twitter,niggas really be acting like bitches,offensive,offensive
20906157_gab,i think it is because you are full of shit and refuse to budge on the kike narrative that you have been brainwashed to believe is the only way forward,hatespeech,hatespeech
1104779161930006530_twitter,<user> and hire illegal aliens to nanny so they can save money,offensive,offensive
1178584788443074561_twitter,reverse isekai but from the perspective of harried government case workers helping superpowered magical alt world refugees acclimate to modern life while keeping the supernatural stuff under wraps i guess it mib but as an anime office dramedy,normal,normal
20206018_gab,new general named in border wars today his reputation is extreem vetting he promises no immigrant let in until one if my elite men have smelled their ass,normal,normal
1178852897423073283_twitter,fuck it i am finna start watching power w the rest of you niggers,normal,hatespeech
17799157_gab,mess kikes coons hajjis shits and feral chinks,hatespeech,hatespeech
1178548344483770368_twitter,my cousin is a faggot,offensive,offensive
1201783640696463360_twitter,<user> is big league muslim,normal,normal
18095855_gab,fake claims by a moslem girl citing a hate crime which was proven false however our crime minister was first inline to condemn canadians as racist in an attempt to restrict freedom of speech in this country,normal,normal
1278613802464931841_twitter,<user> i hate you,hatespeech,normal
21739892_gab,<user> you have just demonised every white person in the western world because this is happening world wide and you have just shown your ok with moslim pedos well done,hatespeech,normal
23844303_gab,they are lighter skinned arabs with phoenician and other relict populations mixed in hardly white but still i support them and their right to exist in the face of kike oppression,hatespeech,hatespeech
6187865_gab,you are mentally deficient retarded troll that talks to himself are not you shit stain,offensive,offensive
19110926_gab,so like how shaun king is a trans nigger this guys a trans sand nigger so shaun king the white version of uncle ruckus thinking he black and this guy the sand nigger variant,hatespeech,hatespeech
1178969935885660162_twitter,<user> <user> <user> so me,normal,normal
21412286_gab,good to see people from england scotland and dublin attend the protests against paedophiles in belfast today honestly can not see ulster or the south of ireland allowing them refugees rapists near their children,hatespeech,offensive
1089703499561078784_twitter,people do not know who tyler is just say you hate niggers and go,offensive,hatespeech
11749763_gab,lots of us have been reading ds for chuckles even mischlingen he does some funny stuff at times if you mentally filter out kike this and kike that,hatespeech,hatespeech
21209681_gab,<user> and <user> jailed today for highlighting the paki gangs raping british children in towns and cities across the uk our police will not do anything about it because they are busy engaging in this degeneracy,hatespeech,normal
1091151952107364353_twitter,any dirty wife sluts want to have some fun share pics and just do crazy shit,offensive,offensive
1179088146912301056_twitter,<user> do you know any difference in illegal migrants and living in any country with valid visa pr will any of muslim countries allow any hindu who is living there illegally,normal,normal
19619156_gab,moslems and their koran are just sandnigger mormons and their own book of mormons they add nothing to human development,hatespeech,hatespeech
1178276990559801344_twitter,edgy gg stans think being racist is ok i hate faggots,hatespeech,offensive
1265802225399537664_twitter,<user> lol where are the people telling a baker to make a gay wedding cake,normal,normal
24402010_gab,it feels good to say kike on social media,hatespeech,hatespeech
15761539_gab,if the poms cared as much about saving their country as they do about trying to beat the aussies at cricket every muzzie in britain would be back in pakistan egypt and saudi by now,hatespeech,hatespeech
15730351_gab,ira because i cannot get behind christians killing christians without fellow white people involvement especially considering the ira never once said a bad word about infinite nigger migration and the rapes that came with it,hatespeech,hatespeech
1186055160096808965_twitter,<user> lmao actually i take that back it depends on how much i like the person 🥴 but even then sucking dick is ghetto,normal,normal
1177968322698190848_twitter,marina makes homosexual music but all her fans are faggots,offensive,offensive
14376068_gab,bbc journalist is it really a crime if <number> or <number> pakistani moslem men have sex at the same time with a young white british child whose been drugged the girl parents might have voted for brexit,offensive,normal
1179022272566321157_twitter,and it also still gets downplayed that said lying came about because of a sexual harassment lawsuit against clinton,normal,normal
1178858230824370176_twitter,i am a straight white christian male and i am oppressed,normal,normal
1171245543172952064_twitter,everyday somebody on here arguing my timeline so ghetto,normal,normal
1178894579422154752_twitter,<user> <user> they kill all the women and rape all the horses,normal,normal
1185184833640652800_twitter,is slutshaming still a thing yikes,normal,offensive
1265817329100824581_twitter,it ain t about black or white cause we are all humans,normal,normal
18701226_gab,hollywood is the only place that can tell us how to stop sexually harassment whilst doing it themselves maybe it is because they are a bunch of kike zionists,hatespeech,hatespeech
1179041388123561984_twitter,<user> is you are jihadi who is funded by my money if not than who hell you are trying to say,normal,normal
1175018985781202945_twitter,oh my god some of the fucking freshmen of my school are fucking retarded smh,offensive,offensive
21499089_gab,top players women jr colleges are black but they are from places like liberia uganda ethiopia senegal they are not american blacks and they are as tall as <number> <number> women many look like men is this really america,offensive,normal
1178680002746957827_twitter,video is about the muslim islamic invasion of europe that is happening now this nation must have a constitution change to ban muslim islam kamala harris on the campaign trail has said that sharia law is superior to our constitutional law and must prevail this,hatespeech,normal
16430689_gab,islam has faith schools which teach children that western society is corrupt and they should not integrate with the natives they also teach women are inferior to men and western women are below contempt that the men have a god given right to rape and abuse women,offensive,offensive
18982448_gab,no worries lol i am so bad at math i did not even read the chart i just looked at the conclusion was like my ghetto math skills of <number> <number> of a few million that ain t right p,offensive,offensive
27749075_gab,i am not homophobic i do not despise gays lesbians queers or transgenders i just do not give a shit about them,normal,normal
27269563_gab,if we ever get our shit together in the south this should and must be the main priority because without the jew the nigger has no leader,hatespeech,hatespeech
13149776_gab,palestine is real it part of syria palestia the name the romans gave it after they struck down a jewish insurrection in the first century ad it was originally called judea but it sure as shit ain t no raghead country or even a country at all,normal,hatespeech
1143523197855383553_twitter,for the spice rainbow wendigo grind blue berries lightning nuts liverwarts nuts copper roots white seeds,normal,hatespeech
4045620_gab,<user> i did not know usher was moslem,normal,normal
21674253_gab,your prime minister is too busy lashing at russia with unfounded charges with no evidence to care about little british girls being raped and abused by smelly paki filth,hatespeech,hatespeech
1179049747430199299_twitter,<user> why did you kill all those people,normal,normal
16344762_gab,oh well then he just a moron full accelerationism would have been the route to go if the cunt had been elected with trump it an absolutely retarded play,offensive,offensive
1263614686156558336_twitter,of course this is the most efficient way to solve the too many east south asians problem,hatespeech,normal
18913134_gab,for crying out loud millions if children are abused mentally ohydically emotionally are raped sexually abused every day do you want more,normal,normal
1249408570124144640_twitter,<user> swear to god the most hateful racism experienced by minorities are caused by whites and asians,normal,normal
1085450894710370304_twitter,people should not judge muslims fast crime ni crime nyinyi kazi kurusha midomo ety oh ety aa fuck you if you have nothing to say,normal,normal
1179086077648347136_twitter,testing testing <user> <user> <user> <user> speak freely gab fam rotting moldy nigger tit flap cheese pus retard assfucking retarded nigger penis head ballsacks lots and lots of ballsacks on andrew torba forehead,hatespeech,hatespeech
16771882_gab,this film is a retarded oscar bait whore bitch cunt nigger faggot waste of fucking time jennay is a whore,hatespeech,hatespeech
1178982358592217091_twitter,confirmation having nazi europol and the faggot creating mashup of nazi judges and stateattourneys with militery personal keeping them artificial alive aswell dr greatings hysteric braindammage for domesticationel submission,offensive,offensive
1178245926223110145_twitter,bro my neighbors are some fucking thieves ain t nothin worse then ghetto white ppl 😒,offensive,offensive
1178194517368938499_twitter,watching this anal rape episode pretty funny but the one thing that annoys me about an otherwise fine episode is the use of sam jackson and charlie murphy as the voice of the wiggers i think it done to give ppl license to laugh at white people dropping n bombs freely,offensive,normal
1169985560938799104_twitter,shoot a nigga on his porch and make him fall in his kitchen,normal,normal
1098170218055122944_twitter,<user> i wonder how the newspapers defined obvious racism as economic anxiety in germany as the nazis rose to power p,normal,normal
1178796840298242048_twitter,<user> <user> i guess he wasn t ready to get raped in prison by a big black buck he did not want a taste of his own medicine no tears shedded here black lives matter,normal,normal
4234170_gab,john lewis is not a respectable civil rights icon he a degenerate blacktivist with a history of boycotting white presidents in an effort to energize his atlanta based ghetto constituency,offensive,offensive
1160824563472769024_twitter,type are you a girl or a boy i am a nigger and replace the nigger with the predictive nigger thing,offensive,hatespeech
25464404_gab,could you even imagine how many crimes there are that these mexican invaders have covered up by the kike media i can not even begin to theoretically comprehend how bad it is,hatespeech,hatespeech
14605009_gab,if that ambulance chasing kike feminist cunt gloria allred is involved in a case you know itz jewshit,hatespeech,hatespeech
1179104137671254017_twitter,<user> <user> damn you would have thought there would have been at least one white person in these mug shots lol,normal,normal
1178840543691988998_twitter,chris rock let two white men say nigger in front of him,normal,hatespeech
17978962_gab,you just compared east asians to sandniggers,hatespeech,hatespeech
24282917_gab,twenty men translation shitskin invaders,hatespeech,hatespeech
25160111_gab,why would any self respecting camel piss guzzling moslem give lurch the horseface the time of day,hatespeech,hatespeech
23366947_gab,these faggots and dykes need to stop pushing their perversions in our and our children faces it is all part of their diseased agenda to groom and indoctrinate more kids into their disgusting lifestyle it is not about teaching tolerance its about making more faggots and dykes,hatespeech,hatespeech
1179075703653961729_twitter,you all blame everybody and they momma except the nigga that cheated on you,normal,normal
18237480_gab,how does it feel selling your country out to foreigners and having your daughters raped in the name of anti racism lol you e the laughing stock of the world there is nothing honorable about being a bunch of cucked sand nigger loving faggots i hope you all die,hatespeech,hatespeech
1178831150053244928_twitter,once again i clean the community health center albeit they left the community for the burbs but want the people to come here anyway she bitched about treating a refugee from uganda because that country should be taking care of her sigh,normal,normal
1178794432293945350_twitter,did these niggers evo ko and ola join forex,hatespeech,hatespeech
24754249_gab,i liked the poor whites left behind angle of twp but who d give a shit about blacks in that situation why are not they seeking out opportunities elsewhere,normal,offensive
9203487_gab,if that quote is in relation to physical confrontations then i think i would agree too i am not so sure about the teaching programming part though i think it a natural thing for women to be non violent the number of men getting incarcerated for violence is way higher than women,normal,normal
1087571270605131776_twitter,you know these hoes wishy washy they will fuck yo potna and take all of yo gwalla,offensive,offensive
1259946737957044228_twitter,<user> yes unless theyre all gay amp reclaiming the slur yes they are,normal,normal
1179038537447985152_twitter,i will not come out gay again i am <percent> heterosexual man no more saying i am a virgin either that why people said i was gay,normal,normal
1092081296615112706_twitter,mid tipperary minor football full time moyne templetuohy thurles gaels <number> <number> <number> gortnahoe glengoole <number> <number> <number>,normal,normal
20659618_gab,damn dat wetback needs to strap in those moobs,hatespeech,hatespeech
1178859010931322880_twitter,<user> actually some middle easterners are caucasians but not white,normal,normal
26461856_gab,i am not disagreeing with your version but do not you think that backing off of jewz mudslimes looks awfully suspicious in light of what going on today i do,offensive,hatespeech
1160724403472089088_twitter,louis said i am only here to collect my award and get the fuck out of these premios tvynovelas usa edition bye hoes i love you all 💋,normal,normal
13637009_gab,sail foam as in yo mayne ah beez finna axe dat muhfuggin nigger whaa ahh kaynt git me mah new sail foam muhfugga sheeit 🐒,hatespeech,hatespeech
1180860204193333249_twitter,joker <number> <number> ya esta en mi top <number> versiones del joker joaquin phoenix mark hamill y heath ledger,normal,normal
27605417_gab,miss america shall embrace beer for beer makes fat women look beautiful,normal,normal
18615145_gab,the dog did not eat hillary clinton homework the dog also did not eat the fbi texts i am tired of retarded democrats blaming everything on the fucking dog releasethememo thememo lockherup,offensive,offensive
1179096456986271744_twitter,when my big unc come back im snitchin tired of this retarded ass boi 🤦 🏽 ‍ ♀️,normal,offensive
1195925569562693632_twitter,<user> modern commercials are beyond retarded,offensive,offensive
27557490_gab,the jews were solely responsible for selling slaves and starting the entire slave trade as a business they made white people depend on slaves then the jews also freed the slaves and unleashed them on white people afterwards,hatespeech,offensive
19052532_gab,toody you liying nigger bitch you took my car,hatespeech,hatespeech
20121839_gab,says the retarded mong that had his here as nemesisofmycroft i broke you 2 yrs ago and you have never recovered,offensive,offensive
21969771_gab,he a jew when it convenient for him and a fellow white person when thats more convenient just like literally every other kike,hatespeech,hatespeech
23459877_gab,what is this red shoes meme i am hearing about did anglin really suggest wearing nigger shoes or am i wrong,hatespeech,hatespeech
1179100220170424320_twitter,any rapper wanna buy some clever one liners that my white ass can not make sound cool,normal,normal
1168657069639176192_twitter,<user> 😂 😂 i ’ m with the negros alabama state,offensive,normal
1179088288340160514_twitter,i am not judging i have dealt with a psycho broke ass negro that worse,offensive,hatespeech
1168145356162572290_twitter,i hate them off white belts,normal,normal
21716968_gab,why was that muzrat pos in austin who vetted him,hatespeech,hatespeech
1105175976613416961_twitter,<user> have you seen the demisexual flag w the triangle i fucking hate it its like stolen holocaust symbology,hatespeech,normal
25891034_gab,if we had no politicians in d.c. at least <number> months out of the year we could save millions on sexual harassment payouts we could visit d.c. without getting dirty,normal,normal
1231014965827571714_twitter,<user> <user> i hate you so much im choking over here 🤣 🤣 🤣 🤣,normal,normal
9556293_gab,cnnbreakingnews this afternoon at the g20 summit trump threw a used kleenex toward a wastepaper basket and missed it showed his continuing contempt for working men and women throughout the world and his continued denial of climate change sources inform us it was a russian brand of kleenex,offensive,normal
15413395_gab,white women please take you heads out from your butts i do not want to be raped by shitskins stop welcoming them for god sake,hatespeech,hatespeech
17095062_gab,very nice now women can decide if they want to get raped or not 😷 taharrush happynewyear migrants islam,hatespeech,offensive
16510965_gab,you are entirely correct lowlives love pitbulls meth dealing tweakers outlaw bikers black ghetto thugs juggalo stoners chicano gangbangers they all love pitbulls i blame snoop dogg for this,offensive,offensive
11070324_gab,ghetto whites influenced by ghetto blacks can you give one example of when black culture has influenced whites positively nb4 rock n roll,offensive,offensive
15467484_gab,i guess col <user> was wrong about just pounding the table if the law facts are against your case the smart thing to do is pack the jury with wetback child rapists,hatespeech,hatespeech
27586112_gab,the pair allegedly started their relationship when the boy was a student at harwood junior high school between <number> and <number> when he was <number> and in the 9 th grade <number> and in 9 th grade nigger or some sort of creatura,hatespeech,hatespeech
19011232_gab,civilized lol and now the pakis are on british soil just returning the favor good job ain t karma a bitch,normal,hatespeech
1086259383443451905_twitter,<user> shameless never did anything fr kashmiri pandits and talking of humanity you jihadi funded third grade ngo,hatespeech,normal
10681081_gab,a million thumbs up we need museums of victims there have been so many as is we do not even have many online memorials for white victims of black violence the memorial pages for victims of illegal alien crime are very simplistic wichita massacre victims deserve a monument,normal,normal
2642618_gab,its nice to know some of the refugees are converting to christians,normal,normal
1212081965643583489_twitter,is sucking your own dick gay i ’ m not asking for myself,offensive,normal
1178850695212142592_twitter,<user> in <number> <percent> of interracial violent crime between whites and blacks was black on white you will not cover that but you will reach <number> years ago and pull out this <number> single white on black crime to lie by omission,normal,normal
17337071_gab,i am atheist i will fight against islam to the death i have seen how vile muzzies are,hatespeech,hatespeech
1179101383640772608_twitter,bitches just wear they bra and swear it their halloween costume saying i am a slutty schoolgirl no bitch you a victoria secret mannequin,offensive,offensive
1179083549439193089_twitter,rosie o ching chong wing wong i hate chinks donnell,hatespeech,hatespeech
22032466_gab,what the fuck is wrong with these parents not homeschooling your kids is retarded enough but these parents that throw their kids in non white schools are next level unforgivable insanity,offensive,offensive
16060784_gab,bet there would not be so many interracial relationships if all the baby come out white,offensive,normal
1178965584488230913_twitter,<user> he is infected with jihadi virus he will spread it to others,hatespeech,normal
1179099485512839169_twitter,where all the funny shit at i am tired of reading you all retarded ass rants and passive aggressive comments,normal,offensive
16980692_gab,post that kike star again and you can wear them in the oven,hatespeech,hatespeech
18080847_gab,haiti like ghetto shitholes across america is an open financial sewer throw billions at the place and you will not even see where the money went whites do not have the stomach to rule these places like they need to be ruled with strongmen,offensive,offensive
1178831978935853056_twitter,i knew d wade was gay,normal,normal
17559974_gab,never vote for a nigger,hatespeech,hatespeech
1178803080583946242_twitter,<user> the adl does not think it okay to be white simplified,normal,normal
23042044_gab,if the authorities say it was a woman shooter we know for certain that it was black moslem male,normal,hatespeech
4882319_gab,let us not forget coke ceo is a mudslime and the pepsi one slandered trump have not purchased the products since,offensive,hatespeech
15909380_gab,socialist dictator socialist feminist son of a whore space cadet spoiled bitch stuttering barky stuttering clusterfuck the brown clown the choom gangster in chief the color muslim the community agitator the crony elitist presy the drama king the execuitve infant the face of evil,hatespeech,offensive
1179087143056093185_twitter,<user> <user> she was a good girl she dindu nuffin,normal,normal
1123638363292987393_twitter,yes gurl fuck u fake ass hoe,offensive,offensive
15400774_gab,i am totally disgusted with uk wstmnstr mps who seem to think that a minority moslem population proven to be welfare parasites terrorists pedo rapists overly represented in convicted criminals is more worthy of their support than the indigenous taxpaying british they clearly show their treason,offensive,hatespeech
1179105114163990528_twitter,<user> they must ve planted a white person brain in her like in get out,normal,normal
3041452_gab,so if jews are smarter than the average bear i guess their kryptonite is trains then or something hellnoitdidnthappenduh,hatespeech,hatespeech
20187632_gab,white nationalist can you picture a world where your town is white your schools are white your world is white i have a dream that one day i can live in a white world where little whites kids play with other white kids and the nigger is back in africa,hatespeech,hatespeech
1179104220643020800_twitter,<user> so now you use twitter and to do this presidential harassment,normal,normal
26842382_gab,round up the jews,hatespeech,offensive
1114486790453321728_twitter,<user> <user> target only jihadi muslims and rohingas,offensive,normal
23903588_gab,can not wait to see the raghead after a heart attack with his newly found free healthcare turn down a pig heart valve to stay alive would not be surprised if we have halal certified chicken valves for them instead,hatespeech,hatespeech
16126695_gab,four days before i deactivate my twitter account and i do not miss it one bit gabfam outshines jackbrats it not even funny welcome all refugees 🖐,normal,normal
1182614622857089024_twitter,its also how redguards are a vague brown race like all poc are like homogenous sad we cant have latinos,normal,offensive
2716714_gab,a home fry is a potato from the ghetto thats all gang bangy n shit,offensive,offensive
1179100754747023361_twitter,ok these are not remaining funny alas nonbinary culture is reading a queer sf f novel and getting hopeful when a character is referred to as they only to realize they will be gendered later 🙄 🤦 ‍ ♂️,normal,normal
1178082052513468417_twitter,<user> <user> a camel jockey midde east watering station,normal,normal
8537801_gab,melbourne single shade of islam this was the terrorist yacqub khayre note that he not wearing arab or moslem clothes he literally looks like he going to a club and probably pays his bills like other australians but he fought for terrorists that taqiya that islam,hatespeech,hatespeech
21271054_gab,import 3 rd world in bred retarded violent pychopaths who want to convert the world to islam because the west did not already have enough of its own problems,hatespeech,offensive
14057110_gab,<number> uk mps involved in the cover up of <number> million white children raped by paki muslims resign all of you filthy bastards,hatespeech,hatespeech
24405990_gab,lmao i read some long ass shiz about they dont know if arabs or jews or whatever invented it i love the hell outta it tho i admit it,normal,offensive
1143847627286556679_twitter,<user> “ lets go gays ”,normal,offensive
15824604_gab,did not you have to leave for work hours ago you shit tier kike lol tell your hooknosed bosses to send someone better before your shift ends,hatespeech,hatespeech
6600735_gab,yes there are two fags who are triggered by my retard realism,hatespeech,offensive
23335075_gab,deleted twitter facebook and messanger today am finally done with the censorship and selling of info may fuckerberg become the bitch of a mussel and his wife a sex slave in iran,hatespeech,hatespeech
7026781_gab,q why did the bulldykes beat the faggots in a <number> mile run a because the dykes went lick ity split but the fags had to pack their shit,hatespeech,hatespeech
17065878_gab,by heard you mean you made it up in your tiny kike brain take my advice and leave the trolling to the pros shlomo,hatespeech,hatespeech
1179021145682501633_twitter,<user> oo what does it say about women,normal,normal
1228049932654759936_twitter,i hate you ghetto hoes i hate oakland bro,offensive,offensive
5929022_gab,sadly this site has ended up as a boring white nationalist ghetto which means that gab is not going to ever take off bigly as much as liberal baloney bores the living crap out of me this place needs more ulp diversity of thought sorry,normal,normal
1178724697128595457_twitter,bitch i am a big ol nigga,normal,normal
1178759495809425408_twitter,go on vacation for a week come back and we all just fucking hate queer eye and kale,normal,normal
1178845742468870144_twitter,im gonna eat every nonlesbian who says dyke fully knowing they should not i feed on stupid little bitches,hatespeech,offensive
1178094473064177664_twitter,<user> i damn sholl wasn t lining my baby hairs up 😂,normal,normal
13922282_gab,this is why naxalt is bullshit the faggot mind of sheep uses the <number> as the rule to say there are no wolves yet when attacked it only <number> of wolves eating sheep,offensive,offensive
14755285_gab,we are awake not woke let not butcher the english language we are not peasants or ghetto,normal,offensive
1178234102002016256_twitter,late nite shower felt risky towel on my head call me towel head,offensive,normal
24954806_gab,here comes silverstein to white knight for faggotry while taking potshots at <user> ‍ you are a pathetic faggot consider an hero,offensive,offensive
13107427_gab,dear niggas police your own you filthy scum by the by any pedo or rapist should be burned at the stake not just the spook it just they seem to like that shit almost as much as scum moslem groomers,hatespeech,hatespeech
1178831019711045632_twitter,<user> i dont want your stupid nigger money,hatespeech,hatespeech
1092230580312395777_twitter,oh this is getting niggerish,hatespeech,hatespeech
1179066514974093312_twitter,<user> <user> <user> <user> <user> <user> <user> <user> <user> <user> <user> <user> <user> <user> <user> <user> <user> <user> <user> <user> <user> <user> <user> <user> anyone wanna bet how long until he starts denying the holocaust,normal,normal
3218308_gab,· <user> downvote me faggot or i will put mmbop live nobody wants that,hatespeech,normal
1178515162002857986_twitter,<user> <user> <user> jews assisted the nazis slaves assisted slave masters mexicans assist the white people treating them like animals,normal,normal
1166002876352794625_twitter,if u spell jacob like jakob u a retard,offensive,offensive
1165043319321366528_twitter,<user> notice how all the negros i in this thread ugly asf lmao,offensive,offensive
1179050112099602433_twitter,nothing says white bitch more than getting excited about almond butter,offensive,offensive
1109911987583094784_twitter,<user> lakune is a retard,offensive,offensive
14047514_gab,fuck muslim immigrants when the shit finally hits the fan the muslim immigrants will run from our country i bet you that,hatespeech,offensive
21264018_gab,protesting immigrant rape hate crime,hatespeech,normal
8460744_gab,unapologetically american i like legal immigrants who come here to be american and make a better life for themselves and their children the illegals can fuck off,offensive,offensive
5019945_gab,omg u guys check out tmz madonna just bought <number> new little niggers an theyr blacker than an ink stain at night 😹 😹 😹 thhe niglets look like shaved retarded baby monkeys 😹 😹 😹 im laughing so hard im gonna pee 😹 😹 😹,hatespeech,hatespeech
19186983_gab,well they just do not have the right approach you just can not plop yourself down in the middle of the ghetto and act like a peaceful loving hippy and expect everything to be all better in a month but that exactly what they do,normal,offensive
15718894_gab,mudsharks set the movement back more than anything just having female leaders sets us back let alone being both female and a nigger lover wn is diametrically opposed to race mixing richard spencer is way better than her she wallows in the mud,hatespeech,hatespeech
17052889_gab,i am against the oppression of women and everything islam encompasses,normal,normal
1179031922489614336_twitter,<user> <user> <user> i call anyone a nazi who is a racist white nationalist it not that abstract,normal,normal
1146148844742369281_twitter,<user> i just seen u say u want a neck tat but a portrait ghetto alright young m a,normal,offensive
25071246_gab,nothing anglin writes today will ever beat how to be a nigger on twitter that article had me howling for days,hatespeech,hatespeech
21852772_gab,thread brainstorm below list what you see the jews doing as their major false flag attack to try to stop the mass awakening happening now country city type of attack and who the jews will false flag as perpetrating country group,hatespeech,offensive
17387703_gab,no they actually dont because like every other race besides the white race they are not scared to have an identity and unify under their race also honesty the inner city ghetto blacks constantly committing crime and murdering people is a bit more of a problem than the blm faggots,hatespeech,hatespeech
23558286_gab,yep i knew you were a kike you are promoting a conspiracy between trump and putin that never existed gas yourself my commie kike,hatespeech,hatespeech
1802323_gab,just another moslem victim card they eat meat and pigs are killed in the same slaughter houses as their meat if this was real every damn moslem in civilised countries would be vegetarian <user>,normal,hatespeech
1203280822704492544_twitter,free gay muscle anime pictures best household sex toys sex change tests,offensive,normal
1116017651862712320_twitter,i find myself trying to relate with most lesbians by well being gay,normal,normal
5275124_gab,she took a little time off from preparing the grounds of her english estate to house muslim refugees so that she could stick her snarky bitch comments squarely into our politics maga <user> <user>,offensive,offensive
1123227111810945024_twitter,lmao gay haircut,offensive,normal
14518012_gab,he disgusting cuck that deserves to be publicly hanged he a traitor that why his country is being raped and pillaged,hatespeech,hatespeech
1179083222543679488_twitter,<user> <user> i am <number> hoe 😭 😭 😭 go cry ur white tears somewhere else,normal,normal
1200611362084253696_twitter,<user> <user> jews are white now,offensive,offensive
9474798_gab,wsh clearly shows that blacks enjoy watching blacks get the shit beat out of them,offensive,offensive
20685925_gab,i guess i get complacent and forget not everyone lives in florida or has heard their names most anyone i talk to in a real life situation knows of them of course most anyone i talk to here is in agreement where liberals rats and muzzies are concerned,hatespeech,hatespeech
6876503_gab,give a nigger a rope and he thinks he a cowboy when you obey the rothschilds you get you caymen account padded,hatespeech,hatespeech
1179042136731336704_twitter,often overshadowed by breast cancer awareness month october is also domestic violence awareness month in a year over <number> million women and men are victims of rape physical violence or stalking by an intimate partner in the us,normal,normal
22726083_gab,laura ingraham is a dumb bitch fuck her she cucked twice once on that nigger faggot basketball player now this managed controlled punk,hatespeech,hatespeech
1179025513970577408_twitter,first mental breakdown of the year i fucking hate school,normal,normal
1174019973871632384_twitter,related instagram tags for jewelry fashionable designer trendy hairstyle fashion gram fashion blog menswear men style trend,normal,normal
1196149360838561794_twitter,<user> i peeped your avi you definitely look like the ghetto ass auntie that you are 😂 🤩 💋,offensive,offensive
13162665_gab,i hope the niglets keep going down on their knees its the only realistic depiction of blacks on fake news tv any chance of getting t shirts made that say <user> boycott nfl tebow rule cant pray owners are pleased with their blacks down on their knees,offensive,hatespeech
1195515140143058944_twitter,<user> the campus is also a place where the law must be observed and should not be used as a cover for violence,normal,normal
1178570489926733826_twitter,<user> <user> tweet about illegal immigrants or muslim terrorists they will be round in <number> minutes,normal,normal
17929392_gab,<number> <number> salute brother its the the truth and nothing but the truth enjoy and let it develop your brain and use it against your kike government,hatespeech,hatespeech
1178471252325027845_twitter,he used to be a wrestler but now goes to college as the only male dancer he could help me become better at violence,normal,normal
9651945_gab,ive never heard of a muslim that wasnt a rapist be it to a human or livestock,hatespeech,hatespeech
1206208308446662656_twitter,<user> he got banned retard,offensive,offensive
1159330162300919808_twitter,<user> <user> disgusting bitch ima beat her ass,offensive,offensive
10600429_gab,the government needs to keep inspecting the places that towel heads worship cause they are bad places and whats going on with the cop killer that shot the white un armed woman,offensive,normal
6073561_gab,i never try and break up an argument between gay guys you never know when it may come to blows,normal,normal
10659662_gab,lol im just laughing my ass off at you for thinking that white identity actually means something i guess then that you identify with the hollywood white commies,normal,normal
15741153_gab,duh a retard screams and is silenced how is this news,offensive,offensive
13929223_gab,then send the nigger to prison maybe <number> years will loosen the niggers lips,hatespeech,hatespeech
1182374073646628870_twitter,in every female bestie you will always find one lesbian 😊 😋 🤗,normal,offensive
12411881_gab,white athletes protesting white genocide or black on white violence would make some serious news imagine a white college football player kneeling during the anthem and saying he did it to protest the 2 0 k white girls that blacks rape and sexually assault every year,offensive,normal
1167131165138063360_twitter,tonight klopp is the goat when he releases his line up v burnley he a nazi thats how it works,normal,offensive
1178837107458105345_twitter,why he can not get a hoe that work minus the crazy,offensive,offensive
16653711_gab,i remember when deplorable was a bad thing now it a badge of honor when someone calls me a racist bigot homophobe islamaphobe etc i say you are absoutely mistaken niggers street shitters and faggots do not scare me even a tiny bit so no phobe here,hatespeech,hatespeech
19588901_gab,holly serial killer wtf are you retard 😨 😨 😨,offensive,offensive
27284969_gab,another reason voting is pointless civ nat burger nat at its finest let us ask niggers who the good niggers are so we can get the nigger vote <number> iq apes will turn this country red blue wave be damned trump is owned by jews anyway ridiculous <user> ‍ <user> ‍,hatespeech,hatespeech
19629384_gab,no most people do not want war as long as there are jews there will be wars for profit and to kill good white men,offensive,offensive
1084229983181115392_twitter,that nigga duckworth the greatest of all time,normal,normal
15032419_gab,<user> there you are we baited the libtards few weeks back i have een suspended from twatter for calling minaj a ghetto whore,hatespeech,offensive
13961057_gab,all the blacks in the picture are not indigenous these are migrants from northern countries drawn by promise of the wealth created by the boer the only blacks who were there originally were tiny numbers of hottentot bushmen so much for the motherland not yours pal,offensive,offensive
17678418_gab,build an immigrant ghetto next to his retirement residence,offensive,offensive
2774910_gab,frminists are unhappy dykes seeking to undermine men due to low a pussy stockpile they are slaves to their higly unstable sex drive,hatespeech,hatespeech
23891901_gab,i just watched the interview if sean hannity had run the interview it would have been completely different instead of comey white washing himself hannity would have had comey in a fetal position crying sobbing i am sorry i am so sorry america i fucked up,normal,normal
1124544521717649409_twitter,<user> slurs would be wetback or beaner not illegal alien 🙄,offensive,hatespeech
1178966664672665601_twitter,<user> white people do not care about losing their own lives to gun violence enough let alone black people to pass a gun bill over <number> people shot up at a country concert and nothing from sandy hook to columbine nothing changes,normal,normal
1124945698523369472_twitter,<user> r u retarded i graduated that ’ me on the screen,offensive,offensive
1144441414891311105_twitter,its the summer time so niggas are going to disrespect their boys just to catch a body,normal,normal
1212915797192052737_twitter,why canada got so many bad bitches and they all from quebec,offensive,offensive
9270134_gab,well scotus bitch slapped 9 th 4 th circuits even the dyke agreed <number> <number> if this decision does not illustrate the bankruptcy character of leftist judges in lower courts i do not know what cud leftists judges make a ruling which ignored the constitution it exposed their perversity disregard <number> law,normal,hatespeech
1178828752379400193_twitter,scrawny ass mf put a shirt on next time no one wants to see your ugly tiny white ass nips 🙅 🏻 ‍ ♀️,normal,offensive
1179091375754743809_twitter,i swear to god i wanna get raped in the most degrading and humiliating way ever i wanna cry real fear tears معصيتي راحتي,offensive,normal
13545133_gab,not as hard as it must be for you a basic bitch libertarian desperately cuckposting retarded memes to your internet black friend to prove you are not racist,offensive,offensive
26558540_gab,fuck you and your horseshoe faggot,offensive,hatespeech
13381342_gab,there are quite a few details that lead me to believe this was a queer on queer murder so it dont matter sure doesnt deserve a gab sidebar,hatespeech,normal
1176865628789059584_twitter,<user> <user> nigga behave 😂,offensive,normal
1178926058688696320_twitter,<user> the guy is deluded i have witnessed <number> police officers struggle to restrain one guy let alone one woman and six kids what a redneck attitude in america,normal,offensive
18941504_gab,whitegenocide rfid jewish controlled media is not news its a bureau of communist indoctrination or hatenews to make people help the jews create the communist nwo where no white person will be spared and the current generation of black people will become slaves again,hatespeech,offensive
1179099988644769797_twitter,had a grown freak bitch we use to slut that bitch out 🤐,offensive,offensive
1090805892679778304_twitter,lmao i hate when i slide a homie a bitch and she end up being dummy smooth,offensive,offensive
21396361_gab,and islam is not even a race so how can it be considered racism in the first place,normal,offensive
4047451_gab,<user> it is in some circles but in others it the same as nigger to a lesser degree we can not criticize our own race traitors because when you are white betraying your people for smelly black and brown animals is a good thing,hatespeech,normal
17890506_gab,that is some black lives matter dumb asses disrupting a college classroom by jumping on the desks and chanting some retarded tripe about racism blah blah blah,offensive,offensive
1179002805908062209_twitter,let straights straight and dykes dyke in peace and stop being such an academic fucking sissy show off about every damn thing you are not smart you are annoying sh,normal,offensive
10843902_gab,you democrats should be expected to denounce leftist violence illegal immigrant violence and islamic violence until that happens give us all a break from your outrageously fake moral purity,normal,offensive
1216905926969626624_twitter,beautiful hoes be like my life a movie yea bitch cinderella 😍,offensive,offensive
24856797_gab,oy vey goy nordic resistance movement has too many white people in it they need a little diversity maybe a few based niggers and some based dune coons they need a few heeb lawyers too,hatespeech,hatespeech
1097107549227241472_twitter,the party elite hate immigrants this should be stopped,normal,offensive
16973360_gab,in the oregon gay couple bake case the bakery lost in appeal court and has to pay mucho dineros to lesbo couple so now the state tells you how you can run your business sound orwellian to me hope it goes to scourt,normal,normal
1179082549617930240_twitter,<user> <user> what an idiotic comment white people are not using these asians to sue harvard the asians are suing on their own initiative hypocrite hari also known as the neckless one is trying to insidiously scapegoat white people in his anti white bigotry,normal,normal
23793002_gab,anyone consider maybe the missiles were oppressed us refugees looking for asylum in syria,offensive,normal
27543273_gab,these white sows shameless bitches have no shame they are so starved for affection they go with some stinking ghetto niggah ape,offensive,offensive
1120040632548909056_twitter,the world would be much better off without sick whites towel heads and basketball americans,offensive,offensive
8999391_gab,some mudslimes got ran over in london karma is a motherfucker,hatespeech,hatespeech
6484830_gab,more historical dem idiocy <number> ashley judd are equal rights in the constitution <number> rosie o donnell do not fear terrorists they are mothers and fathers <number> sen harry reid on obama light skinned and with no negro dialect gabfam speakfreely chat americans,offensive,offensive
722790541268627456_twitter,no homo we smokin penises,normal,offensive
1179093450261614592_twitter,<user> what is your solution to the refugee crisis stemming from the syrian civil war is there really no moral responsibility,normal,normal
8079416_gab,<user> had to refollow you you goddamn jew nigger faggot cunt maple syrup drinking muzzie or fantastic gentleman take your pick,hatespeech,hatespeech
1178400193424842752_twitter,a place that agreed the pubic is retarded and illiterate and needs representation no straight votes no democracy a republics says the aristocrats are holy holy holy and we are disgusting mud stompers lmao never only white people here do that do not tread on them,normal,hatespeech
1178943058324246529_twitter,<user> i think i followed because i am so concerned about queer theory gaining a foothold in schools we need lgb groups contributing to school policy we can not leave it to the homophobes or trans extremists,normal,normal
18945976_gab,<user> triggered faggot maga presidenttrump,offensive,offensive
16349668_gab,this is not shocking this is islam it what they do islam teaches non believers deserve whatever they get the quicker people get this fact the better,hatespeech,offensive
1179002091555164160_twitter,explain judeo christian history of previous english kings of christian faith also past jewish kings holding woman as man property how to protect some woman from rape laws of nature allow man to rape women do not molest a man wife like not to molest his horse,normal,normal
6780068_gab,on the advice of kike snake in law kushnah trump appointed neo cohen war monger assholes like mattis dothead haley and tonight was the predictable result,hatespeech,hatespeech
21333143_gab,are they 2 nd 3 rd 4 th wives the muslim child birth rate is out of control and the <number> bastard are letting it carry on they really believe that soft politics will curb their desire to have a calliohate in the uk <number> mps and so delusional and dangerous,offensive,offensive
1179072979793252352_twitter,<user> <user> <user> <user> <user> <user> i am an older white and i do too,normal,normal
1179078847142273024_twitter,getting compliments from women hit different 🥺 💕,normal,normal
1110963566687862785_twitter,<user> of course <user> would like a post about illegal immigrants,normal,offensive
17422556_gab,it absolutely is this non whites will save us from white genocide rhetoric is garbage into the trash discarded voting wont accomplish anything the system is designed to prevent that as i said general strikes self defense squads mass marches etc we need less than <number> of whites,offensive,offensive
1178960154357829633_twitter,<user> did she show solidarity with the white farmers who are being brutally raped and murdered en masse,normal,normal
17465908_gab,boomers lolbertarians and kike shills are all here the platform is really picking up leftists know we made twitter much more interesting,hatespeech,hatespeech
8028903_gab,proud of president trump told <number> muslin nations we are partners in fight against radical islamic terrorism but usa not doing it alone,normal,normal
25236622_gab,actually i am hoping in the future for a white asian alliance to restore demographic homogeneity in both white and asian communities i think the asians are racist enough to convince of our ideas,hatespeech,normal
1178860972762636289_twitter,meanwhile they are called shithole countries,normal,offensive
13063961_gab,also that he a faggot and serial mudshark,hatespeech,hatespeech
1178985321029083137_twitter,the dog ate my homework i did not do it everyone lying but me he started it she is not good lookin enough to rape presidency,normal,normal
13013412_gab,only fools think any kike is on the side of whites that foes triple for jewfags,hatespeech,hatespeech
1178610756574699521_twitter,<user> greta the psychotic retard,offensive,offensive
12123604_gab,stupid nigger nazi oh noes don t read the vox day blawg nothing to see there pay attention to us as we alienate every normal person we come in contact with stupid nigger nazis need to have their noses rubbed in the turds they leave on the carpets,hatespeech,hatespeech
19000737_gab,holy shit another chink at virginia tech was planning a possible mass shooting wtf is up with the asians at virginia tech,offensive,hatespeech
1173791401068220416_twitter,<user> a fact is inciting hatred using the same logic labelling meat halal is inciting hatred against non muslims surely,normal,normal
18558270_gab,i do not understand why these nigger biches ain t been banned yet or at least put in a zoo smdh,hatespeech,hatespeech
15788483_gab,now that nigger mooch can not spend taxpayer $$ to fly her fat ass around the world along with her mother nigger mooch senior she does not seem to go anywhere imagine that,hatespeech,hatespeech
5517744_gab,despite the media blackout of all the muzzie rapes in sweden the word is out sweden and their gorgeous women are under unfettered assault by savage 3 rd world cretins there will be a point when islam can no longer hide it evil vile savage and despicable soulless character,hatespeech,hatespeech
1179074853447639042_twitter,<user> they are the ones who hang out with trust fund white bitches and date white man,offensive,offensive
1090189166380544000_twitter,<user> i do not ihate these clowns trying to portray themselves the only muslims,normal,normal
19948405_gab,a facile claim of anti semitism does not equal the new ones murder jews and are driving them out especially when the muslims are semites and the jews are khazars,hatespeech,offensive
1179105362139594752_twitter,lol tariq deserved that whooping that bitch nigger,hatespeech,hatespeech
23866657_gab,blubber lipped spear chucking jigaboo spook coon bison nostril velcro headed spaboolie niggers 🖕 🐒,hatespeech,hatespeech
13452798_gab,1 0 yrs <number> white women raped by niggers <number> negress raped by a cracker source fbi crime stats wake up rise up,hatespeech,hatespeech
18219431_gab,germany schermany go back to weimar republic learn your history nobody likes a puritan except a moslem mud we will modernize these hajjis look at saudi arabia massive changes wimmin vote driving clerics muffled top porn consumer liberation is multifaceted accept it promote it,hatespeech,hatespeech
18569620_gab,those we should care for before we worry about any illegals or refugees elderly handicapped veterans children homeless not necessarily in that order either please feel free to add any groups i inadvertently missed,normal,offensive
23131218_gab,good for him every time i hear of migrants killed in whichever way it lifts my spirits in the same way as every black or sand nigger murdered by knife or gun crime,hatespeech,hatespeech
26895042_gab,white boy anyway seems like this was the mythical black unicorn living in a house with his woman and their own kids now thanks to the beaner lopez where are americans going to find another black unicorn,hatespeech,hatespeech
12128636_gab,because it is fucking gay let go of that ocd shit we have plenty of battles right now <user>,offensive,normal
1082463145191530496_twitter,he just throwing that hoe up,normal,offensive
19366131_gab,they are lavender not purple you blurry eyed drunken shitskin faggot,hatespeech,hatespeech
1179087612583141376_twitter,<user> also did trump ask the women <number> <number> year old girls if they were in their fertile period before he raped them most rapists are not polite enough to ask 🤬 🤬 🤬,normal,normal
1182982995998924801_twitter,i ’ m protected by these ghetto angels,normal,offensive
1178422453749604364_twitter,blow a stack for yo niggas with yo trapping ass,normal,normal
12352960_gab,an interesting sentiment but only a sentiment nonetheless trump has emboldened the grip israel has on america he has largely overlooked the jew owned federal reserve and given free reign to kike bank goldman sachs both of whom were fined billions for crashing the global economy in <number> <number> maga,hatespeech,hatespeech
13212977_gab,jared the guys retarded he thinks that fascist and marxist are the same thing and he also hates racists while saying he can not be a nigger since he has to good grammar the guy is certifiable retarded or a women,offensive,hatespeech
1179099008981176320_twitter,— not to be a slut this early but i want h*nd <censored> h*lding <censored> —,normal,normal
19629599_gab,better hide that herd from the muzzies,hatespeech,hatespeech
1198532191082426370_twitter,<user> the jews adl are the real anti semites 😂 😂 😂 😂 😂 😂 😂 😂 😂 😂 😂 😂 😂 that gave me a belly laugh,offensive,normal
1179095573984694273_twitter,i will never ever understand queer people who gatekeep others and conflate sexuality with morality or immorality,offensive,normal
1178309831289184256_twitter,still thinking bout how camila was on x factor calling 5 h her sisters but in facebook making fun of the other girls with her friend calling them niggers i will dsl her clown nose 🤡,normal,normal
1236058528303009797_twitter,<user> this shit is ghetto 🥺 we don ’ t deserve this,normal,normal
27546625_gab,here we have a my fellow whites and the kike cries out in pain <number> for 2 fer lol the persecution of the jews will always remain one of life greatest mysterious,hatespeech,hatespeech
1179097073062469636_twitter,hazard is a fat slut,offensive,normal
25519171_gab,uk coppers how about pursuing acid attackers machete killers muzzrat gangs grooming children street shitters etc etc etc,hatespeech,hatespeech
13761233_gab,just call her what she really is a nigger,offensive,hatespeech
1144145594845282304_twitter,bored of the gay site gn,normal,normal
15728706_gab,i am a ghetto kid myself having grown up in compton had i not made the decision of entering the army i d probably not be here today early <number> in that neighborhood was a bloody crack infested war zone,normal,offensive
20933909_gab,she used to say some pretty woke shit still a boomer dyke feminist though,hatespeech,hatespeech
25587803_gab,you can take whoopi out of the ghetto but you can not take the ghetto out of whoopi,offensive,offensive
1103722759350296577_twitter,a lot of nigger babies have been born in the past <number> years and i have not seen one pic in the infamous kente cloth tf is going on,hatespeech,hatespeech
1178565935562665985_twitter,3 novices cm jagan to inaugurate milli council meet chief minister ys jaganmohan reddy will inaugurate the annual congression of all india milli council aimc the confederation of all jamaiths of muslim community in india in vijayawada on <date> cm expressed his h …,normal,normal
16752837_gab,luke o brien models himself as the perfect bugman the drivel he puts out is vapid snark supporting the status quo while attacking things he too moronic to understand this is a man who has spent decades climbing the ladder of anti white organizations by religiously scrubbing kike scrotum sad,hatespeech,hatespeech
1142187941185425408_twitter,<user> nothing wrong with being gay i ’ ll just leave it at that,normal,normal
1214212483331895297_twitter,<user> you missed out the gay son daughter 😝,normal,normal
1164672157881790465_twitter,bitches will really watch you from spam accounts and they hgs pages lmao please get a life,offensive,offensive
26539825_gab,little boys and little girls are being raped by pedophilles in the elite circles also muslims that why the pedophiles in the government support the muslims for they r pedophilles also sicko perverts,offensive,hatespeech
13682778_gab,wow teachin my daughter how to twerk n take the dick over dat lunch lol bitch will be a boy killer xx hehe latoya having this low of iq and being this much of a ghetto skank proves so much,offensive,offensive
19415889_gab,why attaching a nazi swastika to the us kikes already own us do you want another genocide as hiler done on white people of europe and russia and no hitler schicklgruber wasn t racist he was purely bred jew and his ss army had yids niggers arabs and asians,hatespeech,hatespeech
1109191792023482369_twitter,females say niggas ain shit and go try fw another female when whole time they not shit neither 😂 now you mad at fingers,normal,normal
1178594579844603904_twitter,apparently the leader using the name grandpa tuarus believes he is all powerful and has the right to send out orders for little asian women to get raped and kidnapped,normal,normal
1179098790223126529_twitter,<user> do not kill yourself stay alive <user>,normal,normal
14731923_gab,soy look i know i have fucked a few asians here and there but i highly doubt my face looks like soy sauce,offensive,normal
20186851_gab,nigel farage edward the 8 th the brits should crown nigel before nignog babies inherit the throne,hatespeech,hatespeech
19953084_gab,lol oh yeah ok you wanna fight lets go queer anyone who jojns the military withour being drafted is a faggot too,offensive,offensive
11474597_gab,where do we send complaints when muzrat eunuchs like darrenb are allowed to make complaints against normal people,hatespeech,hatespeech
14632082_gab,there shouldnt be an arguement against this but once the queers got a voice it was prolly too late,hatespeech,hatespeech
1178751837026938880_twitter,i meant whigger not whither lol,normal,normal
1178927472487915520_twitter,<user> <user> crime in south africa is affecting everyone not white women if you pay attention to thesussextour you will realize that duchess has spoken about gender based violence the focus is all women not white women stop looking at issues with a racist eye but how they affect everyone,normal,normal
15762396_gab,welfare is a kike scam to enable niggers like you to sponge off of the system it was pushed upon the country unwillingly and has been causing constant turmoil and misery ever since it should be abolished completely what else have you got for me you jew fellating ignoramus,hatespeech,hatespeech
25719370_gab,exactly what i have been saying let them live with pelosi what her name shut and that dumass jigaboo from fla and csli,hatespeech,offensive
1088064713664151554_twitter,davos is merely whitewashed economic gangsterism,normal,normal
1076601726961102849_twitter,<user> can not fight for shit lmao literally arabs can not fight for shit,offensive,offensive
1719453_gab,<user> <user> when the hamilton crew censured pence they proved themselves deaf queer and dense spooks queers and lesbians are we anti thespian to make a few jokes at their expense hamilton boycott hamilton tw exit pence maga 1 a,normal,normal
1178988537066262528_twitter,<user> the irony is they are the ones whose mothers were raped by m invaders,normal,normal
1178864378466226176_twitter,<user> <user> <number> would probably fit antifa description of evil racist hateful and highly homophobic white men and speaking of history is not it interesting how we did not get involved when ww2 started until japan attacked and not only did we only fight nazi germany at the end,normal,normal
1183597323127009281_twitter,i get on twitter just talk shit about you cause u a scary ass hoe 😂 amp i want your head hoe 🤷 🏽 ‍ ♀ ️ but im off this shit good night 😘 ❗ ️,offensive,offensive
14783877_gab,2 x 3 xy <number> x <number> y solve for xy shibshastihtudes the way to reach ghetto mathematicians is ghetto up the work and all dat <number> shib <number> shib shastihtudes <number> shib shib shastithudes <number> 3 shastitudes <number> shib shastihtudes <number> shastidudes <number> shib <number> and all dat,normal,offensive
1186058825926877184_twitter,top to bottom this club is a fucking joke more than <number> mil a year fuck off gordon you cunt,offensive,hatespeech
1178708115035955201_twitter,smh fuckin wit them white girls gon get u in jail bruh,normal,normal
19975301_gab,no twitter just for nigger lovers,hatespeech,hatespeech
16057476_gab,herp derp i thought the google translate would totally make me look smart just like i thought my gay bio would make me look tough herp derp stephanie you are such a loser,offensive,normal
1177944575740010499_twitter,grabe john mark saga ung gayon kang falsetto with matching runs the melismas very eargasmic 💖,normal,normal
10088571_gab,jews are the only enemy in the history of the world that resort to crying its anti semitic to resist my actions boo hoo,hatespeech,offensive
1180638015129038853_twitter,<user> ignore them bro you know how seth fanbase are toxic and retarded with no thoughts actually going into what they say,offensive,offensive
23705891_gab,<user> no war in syria i will not let anymore kikes have me fight in tribal wars over sand niggers and semites worshipping some shitty bronze age gods,hatespeech,hatespeech
1191806356191186944_twitter,btw can i just say voting in washington is a fucking dream every state should do this,normal,normal
1242255033640595466_twitter,who still argue in <number> that ’ ghetto 🙄 😒,offensive,offensive
1082098223949537280_twitter,<user> you ’ re a racist pos trying to spread hate violence and racism what the heck is wrong with you,normal,normal
13164242_gab,it remains to be seen if asians can produce any good philosophers chinese universities now actually discuss at a high level western thought criminals like carl schmidt unlike western universities full of actual communists so i guess we will see if they manage to turn anything good out,offensive,offensive
10640581_gab,pfft they do not let the ghetto types on the campus it would be a long walk to get from lee park to the hood,offensive,offensive
1178788376822071296_twitter,gonbee i choose sara joe nobody is going to hurt my favourite lesbian <number> <number> <number> <number> <number> <number> >:(,normal,normal
21627337_gab,no bro this is ooga booga yikes this mongrel looks like a predator alien fucked a nigger that fucked whoopi goldberg that fucked one of those little monkey critters on star wars,hatespeech,hatespeech
1179052732658995200_twitter,<user> everything is rape culture and toxic you disagree with a view i hold i hope you get raped 🧐,normal,normal
1178995222862340097_twitter,politics live two fat tories saying they dont know why over <number> people died on our street and that the care as much as labour about people they cut 3 8 billion the women said we are giving <number> million back they really are sick,normal,offensive
15756713_gab,i so hope this jew hating pope is killed by one of his muslim buddies,hatespeech,hatespeech
19225932_gab,roast this lying kike,hatespeech,hatespeech
1092216453867159553_twitter,little bitch you can not fuck with me if you wanted to,offensive,offensive
1179088840486801408_twitter,<user> <user> white mode is elite,normal,normal
1179097219212959754_twitter,smu hated me so much that they started actually winning games and ended up ranked as soon as i left well fuck you too 😭,normal,normal
1179049804531408896_twitter,<user> <user> <user> <user> <user> but nobody is above the law illegal immigrants have raped and murdered ppl with no consequences but nobody is above the law,normal,normal
11848558_gab,this site still sucks nigger dick,hatespeech,hatespeech
22877517_gab,islam see to be only doing aweful things no wonder we do not want to do with that even a few good peeps are among them i doubt the ideoligy of the islam is good for peeps more bad for humans,offensive,offensive
1185675462351171584_twitter,so ebube left me issokay his shoes will get missing,normal,normal
24765972_gab,it a scientific fact that their cranial capacity is smaller than a caucasians they have bigger bone density around the skull area to compensate they will never evolve to compete with the white mans world prime example underneath,hatespeech,offensive
1081036289082884101_twitter,cops just have to search his crib if they find his pantry full of fruit roll ups gushers and capri sun take that nigga to jail,normal,normal
1178315214275538944_twitter,<number> x1 all white 엑스원,normal,normal
19530127_gab,tl dr tradthot nigger lover is butthurt at being called a tradthot,hatespeech,hatespeech
1249586396026691586_twitter,<user> are you retarded,offensive,offensive
10665227_gab,idk about you but i think kimjongun is perhaps retarded no offense to retarded people northkorea,offensive,offensive
21063397_gab,i personally would have no problem with it if every nigger in africa starved to death,hatespeech,hatespeech
18118782_gab,good morning to everyone except politicians who favor the welfare of illegal immigrants over that of the american citizens they have sworn to protect maga,offensive,offensive
1178868328858828801_twitter,<user> <user> they are not illegal aliens they are people just like you they are no different so stop with the inflammatory demonising language plenty of white americans commit crimes do not single out the minority of immigrants that do you are definitely indoctrinated into the cult of trump,normal,normal
1179027563353645057_twitter,<user> error too many teeth to by redneck,offensive,offensive
1178799429236789248_twitter,<user> <user> if you do your research you will learn that more white people collect abuse the system the take away is that this stereotype being perpetuated by the right wing that it primarily people of color and immigrants is dead wrong,normal,normal
1178840299323449350_twitter,the white house is giving states the power to reject refugees from being resettled in their communities and this announcement all but guarantees that politicians will try to end refugee resettlement in our state completely,normal,normal
17305899_gab,trump scumbag former spic advisor just pushed for daca amnesty daca amnesty is war,hatespeech,hatespeech
19978977_gab,the fbi is the terrorist military arm of the hollywood zog why would it fight crime when its purpose is to prevent wrong think and dream up ways to undermine white autonomy,offensive,offensive
15611789_gab,well it sleeping beauty they plan to rewrite first cause she never gave consent to be kissed by the prince the left are seriously fucked in the head and if the bbc show it i am sure she will be a black moslem like thor was,normal,hatespeech
16674750_gab,european capitols arent american besides europe allowed the muzzies in anyway not my problem,offensive,hatespeech
1179088231951994880_twitter,<user> where the fuck are your socks white boy,normal,normal
1265634407123087361_twitter,bts making go on that ghetto ass orange app why can ’ t y ’ all just put everything on spotify please,offensive,offensive
1178838188179243008_twitter,<user> <user> wtf is this ching chong shittery english mf,hatespeech,hatespeech
1087161923311939589_twitter,yes i still wear muslim symbol,normal,normal
1178728288606445568_twitter,<user> with the news of dykes going down do you expect kam wilson to step in to fill the dykes role,normal,normal
14982187_gab,a universe based on norse mythology with norse people it like when tom cruise was the last samurai it was retarded when they did it then and it retarded now,offensive,offensive
19603164_gab,maybe they could employ a local moslem instead,normal,hatespeech
14357997_gab,shalom aussie goyim my name is gladys berejiklian i call myself an armenian but in fact i am a ratfaced kike looking to implement communism in your country do you like my gallah beak,hatespeech,hatespeech
1118417524389867520_twitter,why tf is the seoul immigration office for the inner seoul districts outside of seoul,normal,normal
1145920720746078208_twitter,bungo scrungo gay dogs,normal,normal
11412453_gab,many reasons i just know when m billions of blax muzzeez la raza jews and christinas say they want to exterminate all white people and start doing it i believe them,hatespeech,hatespeech
1178862298741563393_twitter,i go down on ah dyke i go up on my price,normal,normal
1179104942910402561_twitter,running gas on this white ass roof ain t it 🥵 i am too dark for this,normal,normal
26386955_gab,fat jews better hope a wetback engineer did not design their casting couches,hatespeech,hatespeech
4321340_gab,<user> lets see what they will do to the smelly kike who composed that tweet and whose name is visible in the photo the world awaits his lynching with relish,hatespeech,hatespeech
25725396_gab,ivanka is a traitor she married the filthy kike who is trumps handler trump cucks when he has to and pushes maga when he can most of the meetings between trump and kushner is about how much he has to cuck that day,hatespeech,hatespeech
4941860_gab,then i must be super successful i have pissed off more women than i can count,normal,normal
1179042058851569664_twitter,<user> a person can have fun and also have been raped before those are not mutually exclusive and one has no bearing on the other the fuck is wrong with people,normal,normal
1076393735636758528_twitter,finstas are gay,offensive,normal
1179087306369703939_twitter,tw homophobia me vs hating myself because im queer and poly more likely than you think,normal,normal
1251197037116350465_twitter,any black women need some groceries hit me here or in the dms ima choose two for today ❤ ️,normal,normal
20073310_gab,this is why its so important to tell people that hitler put the jews in hotels not concentration camps where they spent the entire war laughing and playing soccer while their enemies killed each other jews must pay for the crime against humanity that is called ww2,hatespeech,offensive
21522350_gab,why is this fat black niggress so upset get off those cupcakes you fat bitch,hatespeech,hatespeech
1241037297186934785_twitter,lol still thinking about the nazi hunter busting out the long swords after like two days of quarantine this shit is gonna get wild,offensive,offensive
10723000_gab,shut up goatfucker shitbag and answer the question who killed <number> black babies last year the kk or planned parenthood,offensive,hatespeech
1187917816948756481_twitter,anyway you all see these euro niggas dangerous mofuckas,normal,offensive
14301067_gab,arm yourself against soros funded altifa tyranny and muslime ohell sedition there is no place in america for millions of ohell muslime refugee barbarians and their cult sharia law the dems love women are not slaves in america they are or will be armed if desired for their protection,hatespeech,hatespeech
1179011774403756032_twitter,the dyke wants her kpop boy,normal,offensive
25857357_gab,i was stuck between i need to save money and you only live once then i went to i am stuck between i lived once and where that saved money you fool i stay away from women these days so there goes that excuse lol,normal,normal
1178864717466685444_twitter,<user> furry statuatory raped 4 0 0 lb retarded female who wore diaper in band room during assembly which she claimed was consensual turf war shooting between ig bloods kills <number> in local park over stolen cocaine superintendent indicted for embezzling money football shower gangrape,normal,normal
17565003_gab,america is not going to elect a marxist negress to be president sorry,hatespeech,hatespeech
1104479512463499264_twitter,date of birth may 5 th deidara bot,normal,normal
1144350029416738817_twitter,she ride me like a pony eat that bitch out like bologna obama care,normal,offensive
22491010_gab,it truly is amazing how you reject a girl once and she starts accusing you of being a homosex moslem in bitter spite like this sad,hatespeech,hatespeech
16653335_gab,this time around i do not think we can or even should be mitigating the death this is a cleansing a un holy war for the future of mankind the struggle for the white race happens at the same time everything is connected no coincidences still wonder why let kushner marry ivanka,normal,normal
22808088_gab,jews are parasites muslims are shit beaners suck and niggers are dumb and violent,hatespeech,hatespeech
1178941622815526912_twitter,my baby blunt smoking bitch fuck with us suckin this niggers,hatespeech,hatespeech
22047052_gab,jesus was no kike he was a jew in the biblical sense an aryan the jews of today are descended from southern european converts to judaism in the dark ages they are evil jesus is not,hatespeech,hatespeech
1178706099786190850_twitter,i really be wanting these niggas to know i am not the guh for queer baiting,normal,normal
16539027_gab,begone racists anti semites and homophobes we white people want more inclusion and wonderful black and brown people in our countries,normal,offensive
5863477_gab,lol trump is a fascist trump proves that he himself is a fascist with his every aktion word just look at his muslim ban not good,normal,offensive
3581881_gab,<user> jews have their own country they should stop meddling and trying to flood our nations with immigrants,hatespeech,normal
1867181_gab,business seven beyond borders working to end child slavery prevent violence against women girls in haiti founded by clinton global initiatives in the business of defending girls yet surrounded by businesses with the pedophile symbol pizzagate twittergate draintheswamp,normal,offensive
7479514_gab,indeed the ethiopians are bad enough but somalis are something else entirely despite being genetically similar there probably less difference between them than between a swede and a dane but pisslam makes them more retarded by far,offensive,offensive
7007246_gab,these coptic women wear a covering on their head while praying this christian practice predates islam and was enjoined by the apostles all christian sects practiced it until feminism came on the scene headcovering prayercovering patriarchy faith christianity,normal,normal
1111442006776016897_twitter,weird niggas weird,normal,normal
1078794160998629376_twitter,for <number> ima stop being a bitch,normal,normal
12294779_gab,gay vs moslem,normal,normal
1179047042242535425_twitter,if the jury is fucked up over that white whore retarded cop in texas then they need to get common sense they are spending too much time on the life of a worthless hoe that did not give a damn about jean life fuck that hoe to death hell,offensive,offensive
1178879881070960641_twitter,i just want a straight male friend that i can do nigga shit with i got too many queer male friends that i end up being the nigga in the group,normal,normal
1178935990074974208_twitter,like literally what the actual fuck i am so mad at this this meme is stupid having nazi and shit but literally says trans fucking niggers this already giving me blackface vibes like this is crossing the line between being a black person,normal,normal
1177410989118984193_twitter,<user> fucking dumb ass trailer trash jewels i could count the bitches teeth from <number> ft away,normal,offensive
12821267_gab,they send their best and brightest to europe and america for education obviously becuase they sand niggers and gooks have the best universities and are oppressed by the evil white man learning institutions it is our learning institutions that oppress the brown nigger people,hatespeech,hatespeech
1204150952007208960_twitter,ugh u wish everybody stfu talking to me shit retarded,offensive,offensive
5652188_gab,white supremacists and nazi larpers should be very concerned with jewish infiltration and agitation,hatespeech,offensive
13365779_gab,omg some reporting <user> assault <number> women a <number> year old sick if true nah not possible that what they said about crosby,normal,normal
1179022759780917249_twitter,hey <user> <user> you fascist pigs since idk y i am banned def a white person or trumper but i repeat myself when tf is the ban over u nazi scum racist sexist white supremacist terrorism supporting garbage wastes of flesh you re all trash not raised right be ashamed,normal,offensive
1179074562870386688_twitter,this fat faggot id such a child grow up porky,hatespeech,hatespeech
15743373_gab,you can not form an argument your position on child abuse is indefensible so you resort to low energy attacks it really sad i am ashamed to think you are white tell me you are a kike or something to give me a reason to keep trying to save my people,hatespeech,hatespeech
1178794715056967680_twitter,no such thing as lesbophobia you dumb ass dykes,hatespeech,hatespeech
1179070303772610565_twitter,i might be fat but at least i am not a psycho gap tooth crater face stank hoe ass bitch fuck you bitch,offensive,offensive
27241910_gab,the catboi spic cries out in pain as he strikes you,hatespeech,hatespeech
24410645_gab,show class you stupid tornado bait trailer trash descendant of ghetto lice bait saved from his people crimes by said trailer trash,offensive,offensive
1179028372413980674_twitter,getting ass raped by sandniggers,hatespeech,hatespeech
17302354_gab,steve bannon is gay,offensive,normal
22626521_gab,shes hoping some bluegum will rape her dried up old liberal ass,normal,normal
1174863087666548737_twitter,don ’ t be an ass kissing bitch bitch 🙄,normal,offensive
19271086_gab,this universal jury nullification should be applied to all federal cases i was going to make an exception for terror but most of those muzzie dumbshits were entrapped too,hatespeech,hatespeech
1178864245007511553_twitter,nigga would not rob me if i gave em a gun,normal,normal
1168184749090902021_twitter,dom fat ass will buy me food just to eat it i really fucking hate it here,offensive,offensive
1178825959241342976_twitter,<user> <user> red i fucking hate you for retweeting this,normal,normal
21693200_gab,she a criminal piece of shit this bitch should hang when her fat ass falls it will pop her head off like saddam hussein,offensive,offensive
1178726254381617152_twitter,<user> went on her acc and its just ppl putting fancams and saying dykes follow me like that is helping in the slightest,offensive,normal
1179048319496151040_twitter,<user> deniro is such white trash • truly •,normal,normal
1163997302761119745_twitter,<user> lmao stop pretending you like jews us jews are too smart to fall for your dumb democratic bs you are not fooling anyone,normal,offensive
12648130_gab,are there any queers in the theatre tonight get em up against the wall against the wall now there one in the spotlight he do not look right to me get him up against the wall against the and that one looks jewish and that one a coon,hatespeech,hatespeech
13430167_gab,this is a little known fact but most people on gab are actually faggots and they are compelled to announce a mute as if they are doing something other than handing you a trophy,offensive,offensive
1185758702483234817_twitter,aural werewolves of hapiness a traditional black metal band,normal,normal
1178877345190596609_twitter,<user> <user> <user> you must understand dear media is under globalist and globalist wants civil war in the world that why they using islamists ppl in europe against white n india also,normal,normal
1145938479450337280_twitter,this movie is ghetto,normal,offensive
1179014962741743616_twitter,<user> coming from a rag head no less,hatespeech,hatespeech
1081965704939749376_twitter,you niggers are absolutely disgusting,hatespeech,hatespeech
17503871_gab,eh i do not think i d suggest it at this point too much crime largely driven by immigrants and the fact that jobs are getting hard to find at times five years ago i would have said sure chile may be better cc <user> <user>,offensive,normal
15896433_gab,if somebody is not white than they are going to be rejected by wn on the grounds they are not white women in general need pushed out of leadership positions in our movement and she not doing good work she setting a very bad precedent for our future actually,offensive,normal
4094546_gab,it is appropriate to stand for gay rights but not for the right to chemically or socially engineer a gayer population,normal,normal
1179097432799563776_twitter,tfw you realize woman were made to wear skirts because it made it easier to rape them hashtag pants gang,offensive,normal
1179007194387353601_twitter,white people are so embarrassing — saying that culture is a fucking concept that can be copied eye lit rally cannot comprehend anyways stream lit by oneus if you have a job,normal,normal
1179058473801265153_twitter,<user> your parents not arrest for what happened to you is how to rape the church room <number> jesus goes to jail to them given a bible maybe proverbs <time> confidence in an unfaithful man in time of trouble nkjv ever find out what stops another joyce raped yrs 🙃,normal,normal
27360202_gab,pretty sure that the best counter to the kike on a stick argument,hatespeech,hatespeech
1178858224658911232_twitter,<user> shes a bum n a world renown racist shes on par with farankhan n rev jeremiah wright michelle had non stop criticism for cops white christian repubs jews israel our military i support israel <percent> they r our allies in the middle east m obama soiled white house w her rhetoric,normal,normal
26886280_gab,the abrahamics are the enemies of animals we arayans are the friends filthy muslims 3 rd nation degenerate sand niggers,hatespeech,hatespeech
1178639561502707713_twitter,this happens a lot in the makeup beauty community gay men think that the women who have a problem with drag queens or with gay men using misogynistic slurs etc all must be str8 girls who do not know how the lgbt community works guess what dykes hate you too,normal,offensive
9347638_gab,senior eu official said it was part of poland push towards self ghettoisation is not that rich another example of liberal globalist transference the only ghetto in the eu are the muslim pig dick suckers ghettos,hatespeech,hatespeech
21037385_gab,welcome to gabfam perhaps your interactions here will convince you to stop using that social media ghetto instagram not sure we have a freedom based alternative yet keep looking i will speakfreely computefreely,normal,normal
3680293_gab,arablies so it is ok for arabs to colonise but the jews cannot have israel a bees dick in comparison to what arabs have,offensive,offensive
13653444_gab,regular morning joe contributor mark halperin is fascinated enough to tweet about the new iphone calculator that been out for weeks stay retarded libs,offensive,offensive
1178837089577684993_twitter,<user> this is a fucking joke right oh the hindsight here you and icbc are a damn joke resign you have now officially raped <percent> of drivers wallets with this new system,normal,normal
23177633_gab,<number> <number> normally when <user> says everyone is completely retarded i assume he just being hyperbolic nope he right completely walking headfirst into the door jamb retarded or maybe just completely fucking infantilized that an alternate possibility,offensive,offensive
21609726_gab,dear daily beast and your sand nigger article writers if getting chummy with farrakhan causes no repercussions pompeo can hang out with anyone he chooses to f liberal double standards 🖕 🏻 🖕 🏻 🖕 🏻 🖕 🏻 🖕 🏻 🖕 🏻,hatespeech,hatespeech
1178404812347412480_twitter,white people at school using the word ghetto on their instagram story please mickenzie explain to me what you mean by that word 🤨 🤨 🤨 🤨 🤨,normal,normal
1165451497330630656_twitter,two bros chillin in a hot tub five feet apart cus they are not gay,normal,normal
1178995268416610304_twitter,me a queer i might be a lesbian but that does not mean i am not straight,normal,normal
1178527286447890432_twitter,white ghetto and stupid not cute,normal,offensive
1218004108977696768_twitter,<user> so many women do sad,normal,normal
11288242_gab,remember only the white supremacists are responsible for violence,offensive,normal
20695676_gab,america the rulers overlords at the federal local levels have made a declaration the lives of american citizens are no longer our concern as of this moment the only lives worth protecting defending are those of illegal aliens muslim terrorists libbyschaaf,hatespeech,offensive
19713090_gab,this has been a trend since <number> of course wall street assumed eternal growth despite fb having plateaued in the first world even earlier those asians living in huts will be worth just as much as us users in time if only we have faith that they will due diligence,normal,normal
13912589_gab,not sure why queers like communism i guess the think that all things will become public common property turkish baths for all forever,normal,offensive
15101749_gab,britcops are cowards they know the whites they arrest for speaking the truth will not blow them up or cut their throats like a sand nigger might,hatespeech,hatespeech
1179017320016076800_twitter,dying at all the hillbilly canton moms on social media like if you yell at my son i will kill you with these redneck bare hands chill out sabrina all you are gonna do is give me the stink eye at the drive through cig place and keep it moving lmao,offensive,offensive
1179030824668352512_twitter,<user> announced clerks <number> i am excited you need an extra on set someone to make sure porch monkey was taken back i am willing to come work,normal,normal
1179080060365676544_twitter,you are a pops hoe blunts this nigger fucking it,hatespeech,hatespeech
1172171170776584192_twitter,dzulo this nigga opened my fridge and found tonic water in there and said muli ndi chomwela koma tea mulibe,normal,normal
24960331_gab,lol you think some dumb sand nigger is gonna know the difference between whites and jews like ben shapiro when they are killing off the last whites,hatespeech,hatespeech
10380188_gab,if i leave i am contributing to white genocide in my own capital city tbh i like being able to do so many different things without travelling too far the architecture history is mind blowing as long as you avoid the tourists ghettoes,normal,normal
26010473_gab,when you cannot deny that the democrats are going above board for illegal immigrants and non humans do not think compassion think votes,offensive,offensive
1103582891886424064_twitter,the bible warns us that whoever guards his mouth preserves his life he who opens wide his lips comes to ruin proverbs <number> <number>,normal,normal
1222855350044577793_twitter,<user> <user> if you believe that you are retarded,offensive,offensive
1179062413691252736_twitter,<user> justice must be there without seeing color caste age male female white black hindu muslim bjp congress aap aimim or any inquiry by independent agency will be better than todays agency,normal,normal
1178816845987467264_twitter,me literally dyke and faggot do not offend me straight white boy probably named caleb bro ur a faggot me first of all,normal,offensive
8515811_gab,will someone please kill that sand nigger or just nuke the fucking place that raghead is directly attempting to destroy america flush the fucker,hatespeech,hatespeech
10488234_gab,you openly censor users downvoting freedom push mute selfcensorship a subset of censorship as freedom and are a profitmonger make gab non profit open source transparent bring the community into the dev circle remove mute google analytics and downvote censorship currynigger racetraitor,hatespeech,hatespeech
18721090_gab,the labour party has <number> mps in prison for paedophilia <number> mps and councillors on the sex registry <number> million white kids raped by paki muslims all labour voters covered up by labour councils mps and a pm,hatespeech,hatespeech
18350404_gab,dood dat nigga litterally got a kike on tv to say shuddit down nigga dat top kek,hatespeech,hatespeech
9929344_gab,incompetent moslem cop does not understand he supposed to protect and serve,offensive,hatespeech
1228535784027746304_twitter,<user> bunch of retards are voting <number>,offensive,offensive
7766173_gab,insanity but the millennial fools will suck it up yeah little white suburban snowflakes females go fuck a nigger for equality lmfao fools die,hatespeech,hatespeech
1178815350999265280_twitter,<user> <user> my experience from doing organizing work in chicago in the late 7 0 is that it is entirely credible for her to believe she was half na in chicago there was an entire neighborhood uptown which in those days was half na and half poor white called hillbilly <number>,normal,normal
6967780_gab,q what do you tell the muslim woman who has two black eyes a nothing her husband told her twice already,offensive,normal
25428247_gab,the world is waking up to trump the kike scam,hatespeech,hatespeech
1179097640044240899_twitter,i amma slut her up though lol,offensive,normal
14980106_gab,thanks that was actually helpful to me as i wasn t following <user> always good to find more kike gassers as there a lotta gassin to do,hatespeech,hatespeech
1178819413287546884_twitter,im only playing tabletops with niggers from now on,normal,hatespeech
16013941_gab,certain degree no i am fully assimilated so you can kiss my american ass bitch worry about your own limey shithole infested by pakis raping your women cuck,hatespeech,hatespeech
1179094957690408965_twitter,old white people really think they are entitled wow do not doubt the power i have over your exams bitch,normal,normal
1162574708090515456_twitter,i got a shooter on my right just in case a bitch try <number> do me wrong,offensive,offensive
1178985632422596608_twitter,mexican women talk good in bed how do mexicans talk,normal,normal
1248722979044786176_twitter,having bd drama is so ghetto like just leave me and my child alone weird ass bitch,offensive,offensive
1159230153303756801_twitter,easily blacked out off the sailor jerry lol do not remember going to sleep or buying pizza 🖖 🤓 🤘,normal,normal
6441967_gab,good now the company should take their crap product to syria where they can hire all the refugees they need,offensive,offensive
1181195220051996674_twitter,<user> no cap that hoe fih tho bro 🔥 🤣,offensive,offensive
11574607_gab,in the <number> <number> zipper head and slope were pretty fashionable i do believe they covered the gambit of asians,normal,normal
1179101399835185153_twitter,twinja i can have sex with whomever and whenever i want also twinja i can not believe that lady had sex with her professor what a slut,normal,normal
1105931832170815495_twitter,not one feature on this girls face that ’ cute and she ’ coming for asians fine ass,offensive,offensive
1098798805816958976_twitter,<user> i hate you for this,offensive,normal
1178787225955442690_twitter,robbers of thy people shall exalt themselves militant jews wanted independence from egypt but their revolt was not successful,normal,offensive
12193495_gab,an explosion took place on a crowded london underground train early friday morning reportedly injuring up to <number> people at the time of this publishing postings on social media showed the aftermath of what appears to be a white bucket inside a bag with wires sticking out of it,normal,normal
25345049_gab,he does look like a kike,hatespeech,hatespeech
17548742_gab,no nigger in white house,hatespeech,hatespeech
1178801449855279105_twitter,<user> you let people under your care get raped,normal,normal
1178699138642391043_twitter,i really hate explaining my nigger hair details to old white ladies 😒 leave me and my puffs tf alone katherine 🙄 🤬,normal,hatespeech
13362221_gab,so who is the biggest dhimmi moslem cock sucker sharia may who thinks sharia is beneficial to the uk or amber rudd y useless who will not ban political wing of moslem terrorists hezbollah but will give brits 1 5 yrs jail for looking at a far right website,hatespeech,hatespeech
1103453694735966213_twitter,shout out to ol jews and ol rules,normal,offensive
3326234_gab,<user> ditto i do not know how white targeted retailers will stay in business once whites refuse to go out of fear i am not in the shoe industry but i would guess market research would show the market for rockport shoes amongst the ghetto folk to be less than robust,normal,normal
24362675_gab,millie weaver what really happened in charlottesville firsthand eyewitness video account of charlottesville lethal riot overwhelming violence came from antifa leftist protestors monopoly msm spun it backwards,normal,normal
19832857_gab,no vanessa is a mudshark in islay alina is a wino living in manchester,offensive,hatespeech
1209446852229259265_twitter,<user> because i ’ m not getting violated by <number> faggots who i would slaughter in real life,hatespeech,normal
13898842_gab,i have a suggestion for all white people that hate white people offer yourselves up as donors for heart transplants put an end to your miserable white life and save a dying muslim that way you can feel good about surrendering your life for a cause you love,hatespeech,offensive
1178784612685885441_twitter,<user> the privileged white devils are the only race that can not be victims of a hate crime,offensive,normal
1179103681087709184_twitter,man is a fucking idiot dawg,normal,normal
16457957_gab,no nigger in this blood stream,hatespeech,hatespeech
12423952_gab,liberals call potus trump supporters white supremacists nazis and coons but whine because he calls fat boy in nk rocket man ❄ hypocrites 😂,offensive,hatespeech
1179075536901087234_twitter,i might sound annoyed but im actually super relieved that i will never have to hear anyone compare this to the holocaust or some other shit again,normal,normal
9523048_gab,it never really gone out of style it just got kept out of the usual places <number> a while tv media politics academia sand nigger sand groid dune coon dindu nuffin all valuable additions to the nigger lexicon oh sheeit dat remind me mexicon lexicon meh some beaners r ok,hatespeech,hatespeech
19246256_gab,definite it time to rake the one demensional leftists cucks including the doj and fbi over the coals and then maybe rebuild our doj and fbi fucking dyke hillary sadly will get a slap on her wrist unfortunately,offensive,hatespeech
19502945_gab,dinesh d souza ‏ verified account <user> <number> m <number> minutes ago more why is the left supportive of a gay parade but not of a military parade,offensive,normal
1178809032796180481_twitter,<user> <user> one can is enuff 😩,normal,normal
17387761_gab,the jewish question is probably the greatest litmus test for loyalty if they defend this one group of people despite any wrong doing they are not on your side this is like the house negro protecting the slave master chicano,offensive,hatespeech
26782460_gab,ye he gay,offensive,normal
1836235_gab,y know how rich black athletes move from the ghetto into the mansion district and immediately try to turn their new neighborhood into an upscale ghetto that is exactly what the liberals migrating to fl are doing turning it into a purple state go back to your liberal northern shit holes,hatespeech,offensive
16686657_gab,u will from this bitch cause u r going ok mute 😂 😂 😂 😂 🖕 🖕 🖕 🖕 🖕 🖕 🖕 🖕 🖕,offensive,offensive
21261762_gab,west va lawmaker using n word listening to little wayne big deal just another lady tired of great nigger giveaway watch on tv first <number> hours cops any popular reality crime show quick education for niggra loving left thugs rape murder robbery get a job nigger disscusting trash,hatespeech,hatespeech
1178889043456790528_twitter,<number> year old white het boys are the worst breed all they do is recycle their same old holocaust racist sexist and homophobic jokes to hide their insecurities i got news for you buddy it not working,normal,offensive
17497636_gab,i am not a sand nigger just a regular nigger get it right bitch,hatespeech,hatespeech
1109753669367455744_twitter,you can not make a hoe a housewife boycott mafs mafsau mafs,offensive,offensive
6560389_gab,canada has detained more refugees illegal immigrants than the usa has their pr person needs a raise,normal,offensive
2843183_gab,<user> it still valid but screaming cuck at everyone you disagree with is just retarded and makes you sound like a child but less hot,offensive,offensive
1240196821579968513_twitter,<user> riot made rift retard proof for people like us,offensive,offensive
3649082_gab,fakebook just suspended me <number> days for insulting rosie odonnell for calling trump mentally insane it was worth the <number> days you are still a man hating fat dyke rosie lol,hatespeech,hatespeech
17734035_gab,it fitting that the clintons were finally taken down by a weiner and a muslim spy,normal,offensive
17033996_gab,islam and the nazi best friend,offensive,offensive
1225858073270476800_twitter,space is gay and so are you,offensive,normal
12651974_gab,what a muslim does in the privacy of his own goat is disgusting better not put a picture here try not to imagine one either,hatespeech,hatespeech
20217365_gab,and naz shah mp liked a comment that told raped white kids by paki muslims to keep their mouths shut for diversity ad corbyn didnt sack her tories ignored it all,normal,normal
19793380_gab,only positive is this version of cuckoldry manages to decrease this pathetic loser odds of being just another black on white murder statistic,hatespeech,hatespeech
20020853_gab,all governments do is grow social tumors a giant sick green army a giant necrotic nigger colony a giant land pod of social workers,hatespeech,hatespeech
26424935_gab,nigger brought her self a bullet proof vest lmao,hatespeech,hatespeech
1179030936878485509_twitter,today i found out that uighur muslims is pronounced like wigger muslims and idk what to do with this information,normal,normal
1161478663017291776_twitter,i can ’ t wait to be a wife this girlfriend shit ghetto,offensive,offensive
5348684_gab,will you meet with the congressional black caucus ryan asked trump responded i would you want to set up the meeting are they friends of yours black activists complain that trump assumes nigger ryan knows nigger caucus members he did not assume he asked if they were her friends,offensive,hatespeech
15044961_gab,oy vey i hate muzzies but i love me some kikes and niggers let me guess what comes next dems are the real racists and nazis are lefty liberals got it,hatespeech,hatespeech
4563992_gab,anyone see them collecting illegal immigrants on livepd last night my kid is like i feel sorry for their kids but their parents are stupid maga,hatespeech,offensive
1179057662165684224_twitter,nothing worse than a ghetto white bitch that says the n word,offensive,offensive
15885342_gab,i vote <number> genocide for the arab and nigger scum raping our women killing our people and destroying europe also include the traitors who support the destruction of our people and our ancestral homelands white power,hatespeech,hatespeech
2950683_gab,the politically correct giphy picture library is lame everything is poz cuck fag related few good gun pics but easy to find video games hollywood propaganda and faggot pics like this,offensive,offensive
1179045235520757762_twitter,<user> chinaman satanist lee hsien loong criminals had audible talks in <number> wellington circle singapore he paced back and forth looking at my family colonial style bungalow in admiralty road in the late 1 9 7 0 this information from the audible talks a few years ago,hatespeech,normal
19828443_gab,blackwashing the jews may be the best attack against the blackwashing of whites,offensive,offensive
27214899_gab,no it wasn t muslim men were always hanging round young girls our mum would say stay away from the pakis,offensive,offensive
14540497_gab,an emp is generated via the atomic explosion and could be created over the continent miles in the air the fallout would likely stay in space and the housing could be available to those that survive and immigrants from who knows where,normal,normal
10630224_gab,now ken just because your having sex with a barbie doll which is not healthy and you might actually be retarded i am for real unlike your girlfriend in your mom basement,offensive,offensive
18984909_gab,because they go after the loan wolves they pick up mostly the native ones the immigrants tend to be in gangs that is not really the local perverts mo,offensive,offensive
16499854_gab,as if you need more evidence to see how absolutely retarded flat earthers are,offensive,offensive
13887576_gab,yeah but you faggots are all pedos does your alt hero save the day and get to rape the <number> year old better tread lightly cunt or we will turn your fucking comics into ben one man auschwitz garrison style and make them more famous than you,hatespeech,hatespeech
21091701_gab,it a mediocre tinder knockoff where women are required to message men first it useless in eastern europe because the only women who use it are british or irish tourists,offensive,normal
1179077233018847233_twitter,i know the white bitch is going to jail cuz she a woman but still lmaoo good riddance hoe,normal,offensive
16088571_gab,why are they destroying the hard drives in the middle of the night before there is even a chance for a recount they keep every record of every retarded little thing but all the votes have to be destroyed in the middle of the night,normal,offensive
20156763_gab,its the un girl in interested in in declared rape as a tool of war <number> million white kids raped by paki muslims is pakistan secretly at war with the uk since we partitioned india eh i think yes,normal,normal
1179085583680819200_twitter,please i want to get raped,normal,normal
15032941_gab,<user> no wonder you are charging for tweets stereotypical kyke behavior spy and propagandize the goys but remember to charge them for you fuckin oven nigger,hatespeech,hatespeech
1178692322541760512_twitter,unplugging someone from the cdjs to call them white is fucking epic,normal,normal
1109925413529149440_twitter,bitches steam some veggies and swear theyre martha stewart,offensive,offensive
13218655_gab,was called a nazi once at a social gathering so i called the sjw a nazi back she was horrified even more so when i gave her examples of her speech was gratifying she would not speak to me again that night,normal,normal
1144441851094667264_twitter,remember when de used a cardboard box to hold all his shoes fuck that guy,normal,normal
1178480625939992576_twitter,this white boy is a fucking crack head,offensive,offensive
9282924_gab,if it been done i am unaware of it i have always wondered what would happen if a gay person called up a mohammedan baker and requested a cake be made,offensive,normal
1178121636568014848_twitter,me and <user> looking for a perm squad as a duo req don ’ t be retarded 6 0 fps don ’ t be boring good mechanics hmu,offensive,offensive
1179024094609776645_twitter,fuck them white kids,hatespeech,normal
1179097500042584064_twitter,lmao the fucking lying slut,offensive,normal
8145373_gab,sall good i do the same anything form chicongo is usually black or wetback,hatespeech,hatespeech
1178789593749102592_twitter,telling bisexual women that they can not say dyke as if they do not get called it by bigoted attackers is erasing the fact that bisexual women can be butch and can date women you all act like bisexual women are not valid bc we also like men and it disgusting,normal,normal
6867013_gab,is that some american insult cancer is a bitch and i am collecting you are a fucking twat with rotting baby teeth,offensive,offensive
1076809235990757376_twitter,<user> <user> which is going to refugees for food clothes water etc not actual ladders,normal,normal
18646532_gab,affirmative action and queers weakened our military some equipment is old,hatespeech,offensive
1082026341988515840_twitter,<user> <user> it ’ not a problem because most illegal immigrants are coming from mexico so yeah,normal,offensive
1178534648365776896_twitter,<number> refugees in a facility that supposed to host <number> are you kidding me seems like the greeks are not serious enough in their endeavours to help sustain and manage the refugees <user>,normal,normal
21935031_gab,you have a blue checkmark and thousands of followers yet you feel the need to reply to a guy with like <number> followers who you think is a gay nigger jew,hatespeech,hatespeech
24715010_gab,wait till he gets to the part about the arabs,normal,normal
1088136494999580674_twitter,and that kay von d is married to a nazi and she is agains vaccination,normal,normal
25722408_gab,<user> ‍ fix this you nigger,hatespeech,hatespeech
1179104812157276162_twitter,do not blow your horn at me cuz you can not drive bitch,normal,offensive
1251965526903005184_twitter,<user> <user> nah it ’ just retarded,offensive,offensive
1179105068295114752_twitter,<user> it all white people so i am nothing but skeptical,normal,normal
22985682_gab,says the gay nazi we know you do not like women but do not spoil it for the rest of us go back to your hitler youth circle jerk faggot maybe you will get a reach around tonight,hatespeech,offensive
7445416_gab,people dont feel comfortable telling blacks hispanics that they are acting black hispanic because they will be admonished at best or assaulted at worst whites and asians just bend over and take it though when people insult them as acting white asian whites and asians rarely defend themselves,normal,normal
10050666_gab,if you are on twitter dot commerce here the racist nigger crying about white women being rayciss on sidewalks,hatespeech,hatespeech
11652290_gab,you wrong nigger good sprinter nigger just broke 1 0 0 meter record nigger ran <number> meter nigger good at sports rap music drug selling and killing china man good at laying tracks washing laundry eating chop suy and love long sucky sucky for <number> yankee dollar,hatespeech,hatespeech
13290297_gab,well he is a retarded duck and he will get his ass kicked,offensive,offensive
1167917262520471552_twitter,old ass bitch called me gay at the gas station yes that ’ a fact i will also fuck you up 🤗,offensive,offensive
14482119_gab,but boom you are welcome feminists are pro women in the draft you might want to check with the anti feminists who want to keep women in the home domain pretty sure they are more any women in military than feminists are think about it,hatespeech,offensive
16582349_gab,commuting this guy sentence is anti semitic <number> dimensional chess by sparing one jew a few years in prison he got the photograph of this greasy yarmulke wearing yid named sholom rubashkin at the top of every news website on the planet as the face of illegal immigrant related criminality,normal,offensive
12579712_gab,as it turns out the nigger felon league is no longer a tax exempt organization it gave up that status in <number>,offensive,hatespeech
1160810130847522816_twitter,<user> gas the jews,hatespeech,offensive
23497268_gab,nigger nigger chicken dinner,hatespeech,hatespeech
25499620_gab,and fish smell sweaty in the raghead and body bags,hatespeech,hatespeech
1178632380090683392_twitter,<user> sit tight and stfu degenerate uneducated faggots,hatespeech,offensive
1178827967323082759_twitter,<user> a2 back to the relationship piece once you start gaining that you can build plans around them i have <percent> hispanic <percent> vietnamese <percent> african american refugee and the other <percent> is white aa non refugee so culture is a big piece of my school and building part <number> pe chat,normal,normal
23163036_gab,let moslems have a no bag limit on moslem girls,hatespeech,hatespeech
16751878_gab,back on gab after another fucking coons age,hatespeech,hatespeech
1082536285477072897_twitter,trust me karma is a bitch 😉,normal,normal
23794758_gab,you are confusing jews with whites again,normal,offensive
23632868_gab,hahahahahahahahahaha and with that the retarded coward fades into the distance screaming i really won you know i am guessing a morbidly overweight teen dressed up like an australian nightmare living with grandma,normal,offensive
22981325_gab,you just do not get it next time you are relying on someone for something important and they balk do not bitch about the left will gladly destroy anyone that gets out of line the right are the forgiving ones,offensive,normal
19565361_gab,<percent> of the average population are being exploited right now by facebook despite knowing kike zuckerturd designed fb to exploit the human brain and still use it despite we were exponentially smarter back then,hatespeech,hatespeech
1179098124821901312_twitter,i do not like how the faget usa that stole my chileans trillions die in one week planet and inventions trying to kill me uses faget ass police to harass everyone to make they r whole country a murderous asshole faggot your country can go f its face,hatespeech,hatespeech
19323340_gab,sure but only a retard would think that,offensive,offensive
23501681_gab,before the crusades for <number> years the barbarian muslimes murdered christians and invaded took nations in europe much as they are doing now that ended with the crusades christians were forced to fight back and they destroyed the muslimes history will repeat we have no choice <user> ‍,hatespeech,hatespeech
1179095288025403392_twitter,<user> <user> <user> <user> as if he afraid of a bunch of frail white boys who say mum instead of mom hahaha,normal,normal
1179088669849931777_twitter,i am so happy we got rid of that disgusting navy blue belt thing from last season kit the all white kit looks so clean,normal,normal
11570079_gab,if there anything that those angry young white boys that have their pants to their knees have shown us is that being black or nigger is more of a lifestyle choice and an actual race thing,hatespeech,hatespeech
1179072232921821184_twitter,<user> <user> you certainly do not know the meaning of refugee do not you no one is targeting indian muslim or asking them to move law is targeted against illegals muslim i do not know you are idiot or ignorant who cannot differentiate things,normal,normal
9857210_gab,mussie ohell created funded armed isis tried to destroy america <number> years in the pit of his incompetent hell christians prayed for god to heal our land god blessed this land ans trump the media whores and both parties hate him because elected by revolution voters who want america and god first,hatespeech,offensive
1179073601556889600_twitter,gender forum <user> <user> what way forward for the victims and survivors of sexual harassment and violence,normal,normal
13818953_gab,altright is not limited to whites those dems are also going to be pushed into embracing their white identity altright is the most reality aligned political movement and so it will become the new right and displace the uniparty,offensive,normal
1178906358957170688_twitter,all of you trickshotting faggots are just variated clones of me muahahahaha,hatespeech,hatespeech
26450766_gab,ohoho why all the ghetto talk when you get a spell check english is my second language and i speak <number> <number> in all,offensive,offensive
25382001_gab,i sware to god u to go any nigger neighborhood an it looks like da 1 9 6 0 never left those niggers can not do shit for themself,hatespeech,hatespeech
1178828239185297409_twitter,in conclusion your moms a hoe,offensive,offensive
13844176_gab,my guess jews with mafia connections to cuba,offensive,offensive
21836106_gab,mfw i m trying to write an important term paper and some affirmative action ass hole starts blasting nigger music outside the window,hatespeech,hatespeech
19633206_gab,not shocking when u look at the number of muzzies in uk security,offensive,hatespeech
1122367636011126784_twitter,<user> no its gay,normal,normal
1179103646509912064_twitter,<user> <user> he dindu nuffin,normal,normal
1195371199989202946_twitter,<user> <user> i ’ m actually an arab muslim and i hate spicy food so many ppl don ’ t know that lmao,normal,normal
21782811_gab,the delighted kikes broke his nose via sand nigger proxy,hatespeech,hatespeech
8442798_gab,i may have ruined your life but we had a fucking ball did not we bitch do not lie,offensive,normal
20048590_gab,who cares about the lgbtqabcd community i do not care about who they love hate suck off want need or gotta have i do not care queers,offensive,normal
1179077035249061888_twitter,how many times do we have to tell you all that being latina is not a race lol she was saying nigga hard af on her ig i said she said i mean i am latina i said but you are white lmao,normal,normal
23014347_gab,well some kike called me psychopathic once and i have read seige so,hatespeech,hatespeech
6521607_gab,oh so you say they are homegrown lone wolf terrorists they are just the offspring of the original terrorists it not like these people are coming from 3 rd generation white christian families the level of retardeness these days is unbelievable maga trump,offensive,offensive
27956507_gab,and you a nightshade kike sand nigger,hatespeech,hatespeech
1106214175917920262_twitter,these hoes do not have a plan,offensive,offensive
8205555_gab,average iq of a moslem cockroach is <number> is the average muslim iq really that high the religion of peace teaches muslims to hate from a very early age and that hate is reinforced throughout life,hatespeech,hatespeech
1082070654801723395_twitter,fuck if you gonna run on first get more blockers if not throw that bitch,offensive,offensive
1215629083964583936_twitter,<user> christian or muslim your heart and love towards humanity is what makes you a good christian and a good muslim,normal,normal
1179099203751968768_twitter,<user> i made one find my post <number>,normal,normal
1089312238102609921_twitter,tariq nasheed beating the fuck out of that drum beloved lmao somebody put a biscuit in that niggas mouth already,normal,normal
1179012360482123777_twitter,<user> <user> hey jihadi first stop introducing urself as an indian in foreign countries cuz i heard most overseas pakistanis are ashamed of revealing their real identity,hatespeech,normal
24428322_gab,autist sociopaths like yourself are always attracted to either sociopathic nazi movements or sociopathic islamic movements pick and choose bubbeleh,offensive,offensive
26868854_gab,man you really suffer from schizophrenia that gibberish even here scary muting u you are crazy unstable mentally ill like typical yid and a school shooter,offensive,offensive
19757961_gab,seems as if you were right no more nigger or sandnigger bastards,hatespeech,hatespeech
1179070924672425985_twitter,<user> <user> asians have always been poc asians east asians were considered yellow and part of the mongoloid race our treatment throughout american history also has marked us as other and non white,normal,normal
1179093946066259968_twitter,ah so subby rn 🥺 someone call me slut n kitty,normal,normal
4565612_gab,when liberals socialists march against the sort of gender based inequality islam foists on western societies do you think the world will stop spinning muslimban,hatespeech,offensive
18089083_gab,god rest the man soul one question how many muzzies die on the street,hatespeech,hatespeech
15824095_gab,<user> called it hours ago and this kike rat would not reply to my calling him out either part time shit tier jidf making some extra shekels lol they are not sending their best yet,hatespeech,hatespeech
25052977_gab,why do not you at least him if you want me to add him you low agency nigger,hatespeech,hatespeech
25160519_gab,all these pro white christians should be deported to africa where they belong who would come out against that these subversive pieces of shit take advantage of white civilization while opening the gates for niggers we need standards that the bottom line and these nigger level iqs are dead weight,hatespeech,hatespeech
19466106_gab,i believe the ashkenazi jews are white europeans the rest are just another variety of sand nigger,hatespeech,hatespeech
1178547315872804864_twitter,on god ion like white women niggers move,hatespeech,hatespeech
7905214_gab,sneaky asians affirmative action is was always anti anglo,normal,offensive
17639488_gab,i cropped it from this one because it just fit the story line of your kike mii player so well but here the full beauty,offensive,hatespeech
14157177_gab,<user> talked about this they have high self confidence because their brains release more serotonin for lower levels of accomplishment that why you can have a bunch of dumb niggers in an african slum with giant smiles on their faces they are too dumb to grasp their own stupidity,hatespeech,hatespeech
1179100135315390464_twitter,<user> <user> <user> how about the boys she falsely accused is your heart broken for the <number> demonized young white boys,normal,normal
1159208846235185153_twitter,saw a young nigga with an elon musk truck,normal,normal
1214661248702390275_twitter,<user> jews will never be on the blockchain because you can not trust them,offensive,offensive
1178732930614595584_twitter,lmfao the passenger in they car is trying to file another claim in they neck and back 😭 😭 😭 😭 u niggers are so predictable make me sick,hatespeech,hatespeech
1179105270347128832_twitter,<user> mister siddhant can you ask any one out of <number> country they can accept any other religion people as refugee go and ask and let me know otherwise do not try to spread your communist agenda here,normal,normal
19664098_gab,john i do not hate white people i am not like a jew who helped to slaughter other jews i think yourr re exattergating,offensive,offensive
1267523077040074754_twitter,<user> <user> it true im fucking this pawg nurse and in bed we laugh about how they kill all the black corona patients,hatespeech,normal
10556891_gab,a politico morning consult poll finds significant support for the raise act forty eight percent of voters support reducing the number of legal immigrants by half over the next decade compared to <number> percent who oppose that <number> of likely voters support the chain migration cuts in the raise act,normal,normal
1262463815259697154_twitter,<user> he ’ muslim and trump hater why do you support him,normal,normal
24327475_gab,raccoons are best coons,normal,hatespeech
1178490316212654085_twitter,<user> actually white people are dating back to <number> shit probably even before that you all feel so entitled to everything when you all literally just bring disease and attitude with you everywhere you do white people have been annoying since the beginning of time,offensive,normal
1257365940737585152_twitter,<user> i hate you,offensive,normal
1179092254129942528_twitter,<number> my adoptive mom also went nuts all the time when i was a child and would chase me around the house to hit me or lock me outside sometimes making me sleep in the cold this caused me to date similarly abusive women,normal,normal
9247014_gab,ob die sand nigger sich mit dem schwert abschlachten oder mit bomben und mp wenn die grenzen dicht sind und keiner von denen in weiße länder kommen kann sehe ich es eher positiv es hilft gegen die überbevölkerung und sichert deutsche arbeitsplätze,hatespeech,hatespeech
14954753_gab,ratko mladic defended his people from moslem jihadist in bosnia he put on trial why are not the saudi who funded the terrorist being bought to justice or bill clinton his side kick tony blair for bombing civilian in serbia,normal,normal
1178958645138264071_twitter,percentage manufacturing crime sends them to the rightabout the devil on moneylenders gave reuben j a great strawcalling now he really what they call a dirty jew power those judges have crusty old topers,normal,offensive
20588422_gab,will there be an option to submit our own jared i have got a freaking library of kike professors teachers etc etc,offensive,hatespeech
1084156205352841216_twitter,throw a banana peel at that nigger,hatespeech,hatespeech
12868088_gab,1 0 th floor maybe wow cnn with the fakenews the body count is going to be waay bad too but we can all go home now they have the white ar <number> toting suicide shooter with huge drum mags dead on the 3 2 nd floor,offensive,normal
16955939_gab,the reality is one day soon you will be in a home cared for by a sheboon who will laugh at your pain while you die alone abandoned by the kids who you stuck in daycare allowed the state to raise,normal,offensive
19266458_gab,fuck that nigger read moar you faggots its not all it appears but she a good nigger now,hatespeech,hatespeech
12309433_gab,ukraine is literally under us control and these nazis are soros operatives you are a fake or the most gullible man on earth edit i am adding bitch bitch fag fuck bitch bitch to stay at your level ^^,offensive,offensive
1228786699892817921_twitter,oh my god i fucking hate mardi gras traffic why the fuck do some many snowboomers think they ’ re entitled to the entirety of my fucking city,offensive,offensive
3858576_gab,george clooney goes full retard and blasts trump for bashing meryl streep are not you supposed to be running the country obama is still president not trump,normal,offensive
16830069_gab,men of color do not care to meet white parents they do not care what you think when they take your daughter to live in the ghetto or take her to a muslim colony you are white people and they hate your guts,offensive,offensive
1179039031687962625_twitter,oz katerji went to lesvos refugee camp with israaid to spy on refugees and shop the communists and gov supporters to the us for torture he made up insane propaganda claiming the israaid physician he worked with was a palestinian woman there were none with israaid and,normal,offensive
4343172_gab,this whole trump hates women thing is the biggest straw man argument ever devised you can fool all the people some of the time and some of the people all the time but you cannot fool all the people all the time,normal,normal
12859763_gab,you got torba moma crying like the bitch she is you happy nigger,offensive,hatespeech
1222903493544955906_twitter,it ’ so ghetto when people say the n word,offensive,normal
1178908884578308096_twitter,president putin harassment <user>,normal,normal
12807458_gab,i think antifa blm and the rest of the culturalmarxists that use violence to shut down people exercising the 1 stamendment really take advantage of the fact that we do not stoop to their level we need creative ways to counter though minus the violence,normal,normal
13099204_gab,i do not understand why anyone would watch guys under <number> fight i also do not understand why anyone would watch ugly dykes fight either so maybe it just me,offensive,hatespeech
19277676_gab,blacks are only <number> of the u.s. population therefore black millionaires and billionaires like oprah samuel l jackson colin kaepernick and countless others confirm my point white america made these blacks extremely wealthy and yet sadly most millennial blacks believe the left lie that their opportunities for success are limited,offensive,offensive
22790998_gab,a boycott of these companies is in order for listening to that little twat bitch david hogg who has cursed out several entities and for removing their commercial support for laura ingraham fuck that kid and the companies that support him,offensive,offensive
1178784446952161281_twitter,<user> speaking as part of the maybe some others i am older and white but also a cis gay man not lesbian i loved the indigo girls since the <number> more recently saw them along w mary chapin carpenter and joan baez in charlottesville four voices <number> years ago,normal,normal
1178751859961614336_twitter,l shanah tovah to my fellow jews out there may you have a happy and healthy <number> rosh hashanah,normal,normal
15505316_gab,fuck that uppity communist nigger sow she attended the same jew run communist indoctrination school as marxist lucifer koon revering these pavement apes is part of how we got the fucked up society we have now,hatespeech,hatespeech
9546109_gab,no it actually does bc most ppl are so tired of liberalism that they blindly backlash in weird ways so they hate globalists which makes them isolationists which is retarded or they hate multiculturalism which makes them into white nationalists most ppl are not that smart,offensive,normal
17707630_gab,another boycott action for you all if i have not already mentioned it sofi com online finance company they have put out at least <number> ads showing a white whore her mystery meat buck and their quadro on pickaninny kid made me sick to my stomach take your business elsewhere i implore all whites,hatespeech,hatespeech
18358793_gab,plenty of you beaners are pedos clean your own backyard juan,hatespeech,hatespeech
1125244030948921344_twitter,cheating is not the wave grow up you dumbass nigga,normal,offensive
24920889_gab,last point if you keep them in ghettoes explain white flight surely there would be no need no,offensive,offensive
1178322531457077249_twitter,<user> getting almost kicked out by the strange white bouncer who wore fingerless gloves for some reason,normal,normal
1117669628015255552_twitter,you put a ring on that bitch amp she a hoe still 🤣,offensive,offensive
1145614549149552640_twitter,<user> a <number> yr muslims kid while crying 😥 😥 says to no to khatna 😂 😂 😂 😂 😂 😂 😂 😂,normal,normal
13359587_gab,these threads are gay and their shit all retarded,offensive,offensive
19666137_gab,the new moslem doll do not dare pull that string 💥,offensive,hatespeech
1159557627808047105_twitter,these hoes so worsome,offensive,offensive
1178963201238716417_twitter,niggers waste their entire lives running away from themselves,normal,hatespeech
24033949_gab,it hasnt done naz shah vile muslim mp any harm for liking a tweet telling raped white children by paki muslins to keep their mouths shut for diversity has it fucking paedophile labour party,normal,normal
1179096058250629120_twitter,i wanna train a cute slut to please me teaching them how to use their mouth properly and put all of their holes to good use for daddy if they are extra good i will reward them with a cute collar with a bell on it,normal,normal
1107323942627434496_twitter,imo capital punishment doesnt need to cost taxpayers anything i ’ ll kill nazis for free hand me a gun,normal,normal
1179079915003633665_twitter,<user> oh good so no money for all of the refugee centers that will be a big help for the people in them this should make things so much better because lack of funds can put food in their bellies and buys a lot of warm blankets wtf,normal,normal
1178842919773581312_twitter,not wanting to leave the house due to equal parts depression and not wanting to acknowledge the existence of all the ignorant sister banging idiotic fucking redneck pieces of garbage that live in this shitheel podunk white trash map stain i live in,hatespeech,offensive
1179053847446093826_twitter,from me to me fuck you nobody care about you you meant to be alone go kill yourself,normal,normal
3396233_gab,‪ other displaced populations hungarians germans mexicans move on bc they lost why do these arabs in israel always get a pass hint islam ‬,offensive,offensive
12451432_gab,he has a dyke haircut and a pink hoodie this is not a man,offensive,offensive
1179028525589942278_twitter,<user> no such thing as undocumented they are illegal aliens just like you are you committed immigration fraud tax fraud campaign finance fraud married your brother and broke up two families by having an affair with a white christian tic toc,normal,normal
1178913839628337154_twitter,paid rent this shit so ghetto bro goodnight,normal,offensive
1178908372483002369_twitter,the white boys in my class be making fun of the lgbt and be saying shit like my name is jai i am an african american pansexual queer please use my pronouns ze zey zen thank you like we get it bradley ur a trump supporter move along,normal,normal
1179070345912950785_twitter,all my bitches gay do that make me a dyke,normal,offensive
3143865_gab,when asked what muslimes have contributed to society i replied they invented the time machine that can transport you all back to the stone ages it called islam,hatespeech,offensive
12437441_gab,nobody forces blacks to take welfare nobody forces white women to be dirty whores look at the muslums enforcing their morality in the west they do not give a fuck if bitch decides to show ankle bitch get honor killed,offensive,hatespeech
1253392970159702016_twitter,<user> gay asf of u to say this kisses u,normal,normal
27658950_gab,the dnc their leaders schumer pelosi bernie elizabethwarren cuomo others talk about helping immigrants but never talk about helping americans democrats do not work for the benefit of usa its time to maga elect trump supporters reelecttrump2020 americafirst gabfam,normal,normal
1189161444853665792_twitter,jeremy corbyn launches his operation barbarossa the fucking clown shoe,normal,normal
1178305106116333570_twitter,<user> she looks like a <number> something trailer trash single mother of <number>,offensive,offensive
6294284_gab,always anti semites why they love the arabs like all governments oil but not for long,offensive,offensive
1178788959679172608_twitter,i see them white pants i had on had you all feeling some typa way 🥴,normal,normal
11253654_gab,if the lefts feelings about blacks and slavery are promoting censorship then why are hip hop rap songs that used the word nigger in them not censored,normal,hatespeech
1178865465264881664_twitter,the bengals just got raped by a reindeer,normal,normal
7069129_gab,the sad sack south worshippin the football nigger on saturday and the jew jebus on sunday,hatespeech,hatespeech
6016299_gab,of the <number> moslem terror attacks in germany this week bbc has reported on <number> as someone from former yugoslav republic with mental health problems hes a kosovan muslim immigrant with no mental health problem other than being moslem,hatespeech,hatespeech
1165473550989500416_twitter,i hate hoes dese dayz dey getting brave for no reazon,offensive,offensive
18016808_gab,lol you did not want to live in a country with a nigger president so you moved to mexico 😂 holy shit you boomers are priceless,offensive,hatespeech
11710814_gab,yes when a group of people seek to subjugate another group of people such as the muslim invasion of europe and what they do in raping killing and other forms of evil their lives are worth nothing the same is beginning to happen in north america,offensive,offensive
9587714_gab,does anyone else feel like we are watching a horror movie where the white person is sleeping and africans and muslimes are breaking into the house fuck islam cant trust blacks,hatespeech,hatespeech
9782695_gab,imagine being a gay vegan your colon attacked from both ends mpcstatusupdates,offensive,offensive
10725207_gab,firefox would be a good alternative too if mozilla did not oust its founder and ceo who created javascript for donating <number> to uphold the gay marriage ban in california,normal,normal
1264161_gab,refugees welcome but no irish comedies have to be poorly written now so that mexicans and asians will get the jokes yeah you know what life is too short to listen to this radiohead album mpcstatusupdates,offensive,offensive
18947229_gab,the chinaman hates niggers fact,hatespeech,hatespeech
24817734_gab,refugees welcome to walk the plank and get eaten by sharks oh poor factory where you getting cheap labour from oh poor hotel cramming <number> to a room yes ask a postman where they live as well,hatespeech,normal
1097116575352598529_twitter,<user> are they illegal immigrants,normal,offensive
1179067260226461696_twitter,<user> <user> <user> <user> umm some of you seem to have missed the part where the dictionary definition of neither lesbian nor homosexual include the word only exclusively just or any other denoting that either would mean attraction to only people of the same gender whoops,normal,normal
1178421242149425153_twitter,<user> <user> <user> <user> <user> i do not hate you or religion nor was i hurt by it i just studied learned realized it bs the religious motivations of the mostly old white men in the ok government were fairly obvious also fetuses are not human beings with full rights,normal,normal
1241973914625921024_twitter,<user> this bitch still around damn,offensive,offensive
6178631_gab,the history of how copper wire was invented in six words two jews fighting over a penny,offensive,offensive
14045364_gab,i have no doubt that some stupid judge in hawaii or california will try to block presidenttrump reasonable request for more extreme vetting of immigrants from terrorist countries,normal,offensive
25922772_gab,so it appears that being the younger royal lizard bro beds you a <number> <number> mudslime these days what a ripoff,hatespeech,hatespeech
26972299_gab,get the muslin kids to say jesus is the one and only son of god then you will see muslim outrage,offensive,offensive
27438758_gab,jews are fucking liars architects of diversity and division,hatespeech,offensive
1178692253906137089_twitter,there a bunch of faggots in my 1 st period communicating by whistling i wanna beat their asses,offensive,offensive
9056566_gab,europeans are givin it away the hajis are there to stay the euro thot opens her twat for any shitskin that ain t gay,hatespeech,hatespeech
19324692_gab,just a part of their victimhood narrative the only target of anger should be their own in wakanda who sold them to the jews and arabs really they need to be repatriated by force no exceptions even dr carson,hatespeech,hatespeech
19564938_gab,i can guarantee that if a stray muzzie moves into the secluded area of ok where i have property the locals will burn his ass out thats how they roll,hatespeech,hatespeech
12590862_gab,as always the blacks who are taking the knee and liberals are makeing this about race which is a big lie that is what i expected from these sons of bitches boycottnfl negrofelonleague,offensive,offensive
1179026125248499713_twitter,<user> do not forget ones like homo homosexual queer lgbt and mlm all forbidden words now,normal,normal
7609979_gab,hang on my friend <number> characters are not enough to write it all continue reading men are just as or more guilty than women in this matter deadbeat dads who abandon their kids are a huge part of this problem,normal,normal
1146513422055550978_twitter,i feel whoever dresses amy want her to look ridiculous love island,normal,normal
1178107490912870401_twitter,why do you type like a faggot,offensive,offensive
18772550_gab,anders breivik required <number> shots to kill <number> bernie bro at gop ball field fired <number> rounds <number> kills copenhagen moslem attack had <number> rounds fired with only one dead that was not the cartoonist target,normal,normal
1179042041549983745_twitter,niggas turning lil nas faggot,offensive,offensive
1204579714750406656_twitter,<user> <user> yeah shiff shumer are jews leading this charade witch hunt,offensive,offensive
1178643287873335296_twitter,feel phylliscitations to daff mr hairwigger who has just hadded twinned little curls he was resting between horrockses sheets wailing for white warfare prooboor welsht breton,normal,normal
1179101364430880769_twitter,<user> <user> the drunk trailer trash girl would not be able to survive question time,offensive,offensive
1178819638504775681_twitter,<user> <user> <user> <user> <user> it not for black people to decide whether black can be racist or not just like its not white to decide whether white can be racist or not tariq nasheed called asians as inbred race and indians as sand ni goatfucker that is not racist,normal,normal
1207661032220581888_twitter,a white dress and red lipstick make everything better,normal,normal
17947578_gab,hey you bigot trump supporter white supremacists did not you know that ireland was the original shithole country just look at the facts,offensive,offensive
21181900_gab,i did want to go to sleep eventually but the neighbors wanna blast ghetto music at five in the morning i hate niggers,hatespeech,hatespeech
12672128_gab,the federal naturalization act signed into law on <date> <number> by president washington stated that immigrants to the united states had to be white according to the definition under the british common law which the united states inherited gabfam,normal,normal
25280581_gab,the second question is retarded on its face itd be like me asking you why you do not support homosexuals are you afraid of them i am sorry but you are still inherently asking the wrong questions good day,normal,offensive
1122401198831652865_twitter,namjoon black hair ah bbm as top social bts <user>,normal,normal
1179074849232293889_twitter,guilty as fuckin charged fuck dat white bitch,normal,offensive
1178741533161525249_twitter,a nigga got super drunk and walked home not drinkin till vegas lol,normal,normal
1179073674332266496_twitter,fuck what you niggers are talking about,hatespeech,hatespeech
1178780758988607488_twitter,<user> yuel and societte might slightly edge them out and of course vira and kat but yeah very gay,normal,normal
1179024659813060609_twitter,overthink can kill yourself too <happy>,normal,normal
17565144_gab,seriously oprah so what are gonna get that new besides white people suck white men suck even more blacks are wonderful victims and gays are god chosen hm,offensive,offensive
7083483_gab,why are not more muzzies embarrassed by their fellow muzrat islamofacists who murder and commit other heinous crimes in the name of their book falseprophet may piss be upon him and moongoddess fuc kislam,hatespeech,hatespeech
1179042873209233408_twitter,towson parking is ghetto asf,normal,normal
23633475_gab,i agree except the jews do feel it in their interest to use america in never ending wars other than that i can not see how this benefits anyone,hatespeech,offensive
1078329_gab,tanta gente que precisa de ajuda mas quem ganha é o gay que precisa de tratamento diferente e privilégios porque não agüenta uma piada na internet,normal,normal
25998143_gab,i always found that if you want to stop a nigger or a muzzo you should hit them with a pole or two or more,hatespeech,hatespeech
21713356_gab,no im waiting til i get bored shooting niggers in gta5 til i buy any new games 🤔,hatespeech,hatespeech
18744398_gab,a sand nigger with an agenda,hatespeech,hatespeech
1087809548998594563_twitter,high iq but still retarded,offensive,offensive
1178343296571064320_twitter,<user> music design and art may be enjoyed on a surface level but cannot be appreciated or even understood by those who support right wing racists and white nationalists the arts do not coexist with hate you fraud,normal,normal
27894822_gab,the donald did the same worse than a spic or nigger he let his slut daughter wed a malignant jew,offensive,hatespeech
1172682083170258944_twitter,oomf just said ‘ they might not be nazi ’ they just hate jews ’,hatespeech,offensive
1166402991970299904_twitter,just saw a fella with full on nazi skull tattoos in b& q,normal,offensive
25921778_gab,it a nigger school,offensive,hatespeech
1178932204115644416_twitter,<user> let us start with foreign invaders why do you think they should be allowed to influence political power and would your ideology hold true if they were all russians or white european illegal aliens seems like a horrible incentive to encourage illegal immigration,normal,normal
16105294_gab,thats homophobic you vile sand nigger,offensive,hatespeech
1179016150547611650_twitter,twerking is actually caused by intentional injuries suicide violence war while <percent> are caused by diarrhea,normal,normal
1090669015754817542_twitter,bitches get one friend n just ttg <number> toes lmaoo that tho only friend you got bitch weird ass hoes,offensive,offensive
16000365_gab,hey it a big gay street shittn paki,hatespeech,hatespeech
1179104489745321987_twitter,<user> ok this is retarded i kinda expected a more obscure topic not that fucking garlic ain t onions,normal,offensive
1122976506333007873_twitter,<user> whoever wrote that is the goat,normal,normal
6098659_gab,the mudslime needs to be deported back in a coffin,hatespeech,hatespeech
16432304_gab,will i get in trouble for saying nigger or towelhead here,hatespeech,hatespeech
8147767_gab,guess the jews thought that it was the name fox that made people tune in,normal,offensive
8932868_gab,hooey most police are local tell you what you go into the ghetto where they are killing each other like flies and bring a fucking fairy wand report back if you live,offensive,offensive
1205736059214000128_twitter,<user> why donot those countries accept the muslims from all over the world if they are so empathetic,normal,normal
15694814_gab,yeah but he was a nigger for trump that what she said i want to know why the fucka that matter is at all lol,hatespeech,hatespeech
4225293_gab,i was in a bind once and had to spend the night in a low quality motel there was nigger hair stuck in the towels as it almost impossible to get it out i sure hope trump gets new towels at the white house,hatespeech,hatespeech
21127890_gab,you deserve death if you voted yes cruz that dumbass spic was destined to lose,hatespeech,hatespeech
13928535_gab,a bunch of ppl who are not in twp or los and never will be arguing over what symbols and optics they should use is retarded,offensive,offensive
1178842143768678400_twitter,white ppl really think flashing they high beams gonna get me out of the fast lane lmao mf you are going <number> go around me and then kill yourself in a crash,normal,normal
20975497_gab,damn right we are going to react when an <number> white country pushes non white actors everywhere,offensive,normal
1196295167424290817_twitter,<user> sorry islam law lied everything,normal,normal
14524055_gab,which filth do u mean the niggers jews spics chinks street shitting dotheads rag head camel fuckers gooks flips kikes slants or fags u can not swing a dead niglet these days without hitting some filth 😡,hatespeech,hatespeech
5776881_gab,<user> my wife visited an old co worker today that recently adopted a black baby she told my wife that while she gets some awkward looks from whites all of her bad experiences have been with black women making strange comments i found that interesting,normal,normal
13553900_gab,yea i stopped giving a fuck entirely about this story and it just makes me lose more respect for women as if i had any left to lose women allowed this to continue for as long as it did because they wanted it,offensive,normal
1185516363999252481_twitter,bouncezilla created the fortnite black hole,normal,normal
14541081_gab,now look in the ghetto for <number> of instances of this actually happening,hatespeech,offensive
1164832774567579648_twitter,does women football have their own puskas category because those goals that got nominated get scored every matchday 😐,normal,normal
1107504821995782144_twitter,<user> send me fat girls and i will become even gayer vro,normal,normal
1178672904067801089_twitter,i like the sad eyes bad guys mouth full of white lies,normal,normal
25854526_gab,it ok he is yid anyway,offensive,offensive
1179029276923809792_twitter,<user> no ma am please do not twist the matter no indian muslim would be thrown out only muslim refugees would be shown the door after all muslims have <number> countries to go to while hindus have only one india see in this context,normal,normal
1179040921532260353_twitter,<user> i love u more faggot,normal,offensive
4810041_gab,the violence being carried out by the alt left liberal socialists needs to be met with the same level of disrespect,normal,normal
1270979246450761728_twitter,<user> <user> cunt ended up helping the nazis wanker,offensive,offensive
15648625_gab,i did not watch that far i saw men in skirts got pissed and shut it off you know all the muzzies were standing around laughing their asses off at those dumb fucking cucktard faggots you know who doesn t wear skirts me,hatespeech,hatespeech
4015071_gab,i can barely go out into society anymore i basically just buy food from the beaner filled store pay all bills online then spend the day talking shit online like a coward what a life,hatespeech,hatespeech
1179093607707533312_twitter,avdol your grandfather is a slut,normal,normal
1262248748131942400_twitter,<user> and this is why im gonna go join the nazi atleast they dont hide or change their views every day,normal,normal
1118303711950974976_twitter,anti nazi merch and shit rules but no matter the context i ’ m not buying anything that has a swastika on it,normal,offensive
1178366157809565696_twitter,<user> the one who embarace islam others on street of usa were disgracing islam allahs_islam vs mullahs_islam,normal,normal
1179092073061830656_twitter,<user> the hidden secret of canada is that <percent> of it is just like florida white trash still great country 🇨 🇦 🇺 🇸,hatespeech,offensive
1179039117390340097_twitter,me confuses theodore and we might watch game of his muslim ban got blocked by a nice meal,normal,offensive
1178428170015592448_twitter,can you all niggers stop asking if i am sick that just how i look wali idurdkdieej,offensive,hatespeech
12833388_gab,for sure most deaths occured when leadership of camps transferred from german to uk i have not even found <number> infant mortality record from all the jewess women giving birth at the camps there is one camp the allies actually bombed and killed <number> of thousands directly,offensive,offensive
14547601_gab,we are accepting donations on behalf of rose west who has really made a remarkable transformation from straight white female killer to east indian lesbian kindly send donations to killerdonations org,normal,normal
1179045983495299079_twitter,<user> i do not think i would stay with a men who raped and took advantage of woman,normal,normal
7956761_gab,you are retarded you ask people opinions and then act like a little faggot when you get them,offensive,offensive
20820201_gab,and trump loves it he is a kike puppet,hatespeech,hatespeech
1185914562824065026_twitter,<percent> of white woman voted for trump,normal,normal
13116041_gab,if dhimmi therea sharia may amber rudd y useless will not sort the moslem problem this bunch millions more brits will we will not be visiting mosques to sit down for samosas or posing with qurans footballadsalliance moslemsaretheproblem islamofascism muslim islam sandcoackroaches,hatespeech,hatespeech
1211457542850670592_twitter,i ’ m that white girl that fuckin hates being a white girl and was raised by a black parent lol and not even full white i hate it here,hatespeech,normal
13215071_gab,if we send all the negroes to liberia as that negro claimed to desire would you be willing to go run the place for them,hatespeech,hatespeech
1170020663043723265_twitter,feminity to be considered negative by boris is more telling about his attitude to women than cameron and corbyn,normal,normal
15511986_gab,we need to change the priority of the refugee program we will take all white south afrikans pariotic britains frenchies germies swedes etc persecuted christians let the invaders finish their countries full of muzzrats liberals off,hatespeech,hatespeech
1275413930219900928_twitter,<user> <user> white race people do not like negro people,offensive,normal
9603844_gab,beasts always confuse nice with cowardice we have a higher threshold than inbred arabs and therefore tear hell when that is crossed hence the clydesdale,offensive,hatespeech
20534860_gab,i can only assume that our govts are corrupted by saudi qatari money and in return have promised to put muslims above every non muslim citizen that the only thing that makes sense which means next ge we have to elect an uncorrupted govt,offensive,offensive
25932103_gab,kill yourself nigger fucker,hatespeech,hatespeech
1178960780219301889_twitter,<user> kill yourself o 🙄,offensive,normal
27035202_gab,scroll down one of the faggots looks like a lumbersexual,offensive,offensive
1179007519995420672_twitter,<user> yo what a stupidly ridiculous statement to tweet insane because i do not want yet another jihadi roaming amongst us and what does race have to do with it are you racist it not only white people who do not want her back here at least nobody agrees with you though muppet,normal,normal
17145782_gab,so you admit jews have power and they use this power obviously to hurt white people you seem like the faggot that would suck off a kike not me if whites begin to be nepotistic and do what is in their own best interests jews will be poor inbred gypsies,hatespeech,hatespeech
8698767_gab,this is why i propose using baconas a vetting process it smells good tastes great and its muslim kryptonite,offensive,offensive
1178763669397790722_twitter,<user> let us some queer person goes on publicly to say that all straight people should be killed would it be ok because reverse homophobia does not exist 🙄,normal,normal
27394474_gab,solve the kike problem and solve the muslamic problem without having to exterminate <number> billion savages that were confined to their desert shitholes for over two centuries prior to the christ killers facilitating their entry to white nations <user>,hatespeech,hatespeech
11700238_gab,daca in a nutshell fake heroes using illegal immigrants to virtue signal about how unracist they are while purposely omitting the legal ways to become a citizen as a legal haitian american i fully support ending daca,normal,offensive
12589613_gab,it seems that the whole blm movement boomeranged on blacks in the ghettos ytd in <number> homicides in chicago are down from the same period in <number> but are still way up from the same time period in <number>,normal,offensive
1118583652391297025_twitter,whoever made baseball caps acceptable going our attire thank you greasy hair club,normal,normal
1178775497163055106_twitter,<user> this is a win for the dykes,normal,hatespeech
1179091617225023488_twitter,<user> want to do more than spank that white ass,normal,normal
1179083847545147392_twitter,<user> <user> stacey dash commits black on white violence against her white husband,normal,normal
12548441_gab,why is a black power nigger fist acceptable but a roman salute is not,hatespeech,hatespeech
1094597233109073925_twitter,<user> she has her head all the way fcked up bro 😅 like this bitch really out here stunnin for some fckin clout,offensive,offensive
12724221_gab,muh holocaust <number> billion,offensive,normal
12420629_gab,and these were not soldiers these were civilians mostly women and children some experimented on it is not the only example of the horrors humanity can commit by any means but it a terrible example for sure,normal,normal
1179067379139170306_twitter,i neva call my folks bae i be calling dey ass dawg bro all typa shit i am just not a lovey dovey ass nigga,normal,normal
4368754_gab,<user> you are a faggot bitch for not punching that nigger back,hatespeech,hatespeech
1179100314697437186_twitter,<user> <user> <user> i know it god world trump is far for perfect but he is not as bad as the msm wants us to think he is he trying to get homosexuality legalized world wide some countries still kill homosexuals all muslim countries do that yet the dems support a lot of those countries,normal,normal
19137586_gab,obozo troll hiding under that tree the moslem is the prize kill,hatespeech,hatespeech
12112693_gab,i want the campaign promises fulfilled send them back build the wall moslem ban repeal replace obamacare,hatespeech,hatespeech
1178649172511268864_twitter,<user> <user> <user> <user> she wasn t talking about illegal aliens she clearly said immigrants and refugees i still know the difference one type is here doing it the correct way and the others are law breaking invaders please see the sarcasm 🤔 🤔 🤔,normal,normal
17178016_gab,jews have a tendency to out themselves knowingly or not especially to the erudite goyim listed above however they should absolutely wear the yellow star both as a badge of shame and as a warning to whites who are not as adroit at identifying kikenvermin from their words,hatespeech,hatespeech
1092523640502009856_twitter,brokenhearted and slightly retarded,normal,offensive
1179027000205484032_twitter,shade never made anybody less gay but conversion therapy and homophobia have caused violent and irreversible trauma to queer people all over the world,normal,normal
1083171064023150592_twitter,a bunch of hoes on they knees,offensive,offensive
17552298_gab,jews got whites hooked on nigger culture,hatespeech,hatespeech
15320864_gab,except you are wrong there as usual whoisshooting com among other sites evince the niggery in your kike narrative btw the majority of pedos are black too fbi gov ucrs crimes against children families,hatespeech,hatespeech
27434693_gab,is robert deniro sniffing too many nigger farts from his black wife ass is dis why he talking shit on trump,offensive,hatespeech
2579787_gab,<user> so its not only old muzzy men who are pedophiles muzzy women can marry little children too,hatespeech,offensive
1259084187698683905_twitter,<user> stop the illegal immigrants entering our country aided and abetted by our useless border farce patrol boats and the rnli,offensive,offensive
26813880_gab,fuck the <number> immigrants the government lost i only care about <number> immigrant the government lost where is she,offensive,normal
8045433_gab,als liberaler mensch kann man den islam nur ablehnen,normal,normal
1179094346806759425_twitter,<user> you draw like a faggot,offensive,offensive
11545606_gab,mexicans can be as retarded or sophisticated as they want in mexico where it not my problem,offensive,offensive
1178812336204894208_twitter,<user> lol 😂 😂 😂 when trash cake was dragging shawn camila twitter stans said it was fun but iggy stan them now them white bitches pulling up a race card i just gotta laugh 😂 😂 🤷 🏽 ‍ ♀️,offensive,offensive
1178824984426434560_twitter,<user> i love faggots and i love being queer i wear my rainbow stripes loud and motherfucking proud 🌈,normal,normal
1178859098734907392_twitter,recovering from an intense anxiety attack after being harassed by a group of white trash people <happy> kind words pls,normal,normal
4617530_gab,muslim countries refusing to take in or help muslim refugees raises no outcry from the alt left liberal socialists but a temporary ban on travelling here from a known terror hotspot is inhumane fucktards,hatespeech,offensive
21509608_gab,i will bet if some nigger went ape shit on crack you d be the first to demand we show it some compassion right dingbat,hatespeech,hatespeech
20624288_gab,i know all about servicemen wearing shemaghs i am just saying he might not know about that and may have mistook you for a sandnigger because you are wearing one how does that not make any sense to you,hatespeech,hatespeech
1179044096146640896_twitter,<user> <user> <user> <user> <user> <user> should not be that hard to recruit do you wanna end your career competing for sbs be a no doubt hofer or do you wanna run a bunch of routes kill yourself trying to catch balls from andy,normal,normal
1179033032243777543_twitter,i am research our favorite horror characters and they are all white men which might ve indicative of white male violence or lack of films particularly horror sci fi about black folks and by black folks,normal,normal
12903965_gab,i forgot to add those poor palestinian towel heads we will ask them how peaceful these so called rat jews are i do not think they will say the jew is very peaceful,hatespeech,hatespeech
13770224_gab,i wonder when it ll finally come out that tony has niglet grandkids or gay sons,hatespeech,hatespeech
1178571627400839168_twitter,dam shit sad if your for african american people you are president they look for ways to impeach you but if you are white for illegal immigrants nothing happens america is racist it ll never change were facing extinction they hate us for what they have done to us,normal,offensive
1178674968479047680_twitter,<user> i hope you are never kidnapped raped in a horrible accident because that cop that you were a dumb bitch to is exactly who you are gonna need to save you,normal,normal
1106611770754564096_twitter,<user> be best my racist violence inciting ass you are complicit in the killing of immigrants,offensive,normal
8154294_gab,people do not let your dislike of illegal immigrants cloud your judgment i resent illegal immigrants that does not mean i hate mexicans i have more resentment for visas issued to foreign it workers in silicon valley than i do for the people picking my lettuce and tomatoes,offensive,offensive
1185201317255565313_twitter,this hoe needs to get beat down omg,offensive,offensive
15934115_gab,republican congressman resigning cus he talked about surragusy goes to far if women didnt like question should have said so congressman stops issue over shows pro choice is a joke couples who want kids will pay millions yet women are killing their unborn kids wake the f up,normal,normal
1179088569153069056_twitter,<user> <user> <user> bs the facts are thousands of children have been raped over the last <number> years while most politicians police councillors and social services allowed it to happen what of your facts do you think i should care about i care about children and truth,normal,normal
26112182_gab,another sand nigger bites the dust,offensive,hatespeech
16056333_gab,daily reminder that any self proclaimed lolbertarian who does not like hoppe is a faggot and a disgrace real libertaryans were always politically incorrect,offensive,offensive
1112012893472673792_twitter,<user> gt they can not love you gt implying 3 d women are capable of love either,normal,normal
14030104_gab,yeah i got to about just over <number> followers and got shoahed for criticizing amy schumer being cast as barbie and just never bothered to return and surprise surprise i was correct and they nixed that kikey plan but whatevs <happy>,hatespeech,hatespeech
13122887_gab,pussy pence is a globalist who was drained from dc swamp for trying to pass massive amnesty while in congress he needs to go live in syria with the mudslime rapefugees he loves,hatespeech,hatespeech
22117999_gab,seems like more and more us cities have holocaust museums are they centrally owned and operated or is it more of a regional franchise model,offensive,normal
1178023978436366342_twitter,all the faggots if you hear me help me sing it ouut,offensive,offensive
4333143_gab,if women were so brave they would do their march in saudi arabia maga gabfam,offensive,offensive
1251952054773231616_twitter,<user> <user> lmfao girl its just ghetto and its always alot going on,offensive,normal
9474938_gab,for every negress encountered in public the noise decibel levels go up <number> <percent> i encountered a pack of <number> earlier,hatespeech,hatespeech
1187124720208093184_twitter,ion ask nobody to do shit for me i get shit done by myself a bitch be expecting too much like no,offensive,normal
1178857659019202560_twitter,i be under this nigga like he mine,normal,normal
1171479257417011200_twitter,apple watch series <number> available in titanium black and white and ceramic new nike models as well apple event apple watch apple,normal,normal
22768622_gab,mook <user> ‍ beaner i always forget that one dune coon,hatespeech,hatespeech
1179044410543263745_twitter,<user> <user> are you always so glum rhys boyo the term feminazi is called a figure of speech and accurately describes the shrill hectoring aggressive oppressive verbal violence of a very small minority of extremist women,normal,normal
1178943122996256773_twitter,<user> you can not say the n word just like i would not call a gay person a faggot weird point to make cause he still seems perfectly fine saying faggot not like anyone is advocating to let white people go arround calling random black people nigger kinda defeats itself,normal,normal
15130719_gab,i almost went on holiday to amsterdam this year but with the muzzie invasion just did not feel safe doing it now i am grounded and only drive wyoming here i come this spring summer,hatespeech,hatespeech
1192859093276545029_twitter,<user> <user> oh no being a mediocre white guy is not panning out wah time to be a nazi,offensive,normal
17895389_gab,keeping those crime stats in the ghetto low,normal,offensive
1179077145777324032_twitter,is intersectional feminism the redneck ideology of the 2 0 2 0 perhaps dm me to read my essay,offensive,offensive
1185890869192396800_twitter,cleared construction international pkwy tx <number> alt westbound tx <number> grapevine mills pky grapevine various lns blocked,normal,normal
1090303687673688065_twitter,muslim girls can ’ t ride ferris wheels,offensive,normal
16149560_gab,why do not white people go to college as much it def helps,offensive,normal
11872515_gab,stop saying due to the fact white men it what niggers say when dey wanna sound smart and sheeiit it unnecessary wordiness and fuggin retarded,hatespeech,hatespeech
21685174_gab,reminder in a significant number of muslim ran takeouts in the uk children were and are still raped upstairs on a daily basis police know teachers know doctors know pharmacists know this is why uk is facing it own tiananmen square moment and banning journos for life britanistan,normal,normal
23975159_gab,hang all sand niggers from a tree,hatespeech,hatespeech
1179072603677450240_twitter,i like the five gay guys it uplifting,normal,normal
19680286_gab,fuck twitter apparently sharing an article about the cost of illegal immigrants is considered targeted harassment twitter censorship twittercensorship bigbrother illegalaliens,offensive,offensive
12100510_gab,fuckin sand niggers need their dicks acid washed,hatespeech,hatespeech
1210935943395495938_twitter,<user> i fucking hate you yzm 😂,offensive,normal
2401324_gab,<user> it hard to tell she might be gender fluid or gender non conforming perhaps even gender fucked up in the head regardless she looks like a prepubescent boy dressed like a bull dyke,offensive,offensive
26884911_gab,some nigger rapper or 0 prah or some niggerball player will give them a huge payoff over this 🙄,hatespeech,hatespeech
1211304694020235264_twitter,<user> and brought up thots and peace like innocent girls aren ’ t raped and kidnapped every day,normal,normal
24472750_gab,i am so tired of these kike terrorists and their evil lackeys,hatespeech,hatespeech
1178829623066423298_twitter,<user> lol nazi white trash is exactly like poor mexicans here theyre called colombias same balance of poor dumbness,hatespeech,offensive
1178635840161013761_twitter,<user> it not even about stans you a whole ass white chicken nugget calling asians ugly 🤣,offensive,normal
20710352_gab,nigger looks like a praying mantis,hatespeech,hatespeech
20219963_gab,that because those tv students are jewish actors as is sheriff israel and the shooter himself the spic chick is just a spic,hatespeech,hatespeech
1110650344466464768_twitter,<user> damn he actually retarded,offensive,offensive
21279577_gab,we should send amy schumer to police no go zones she will be safe muzzies do not do pork she looks like a turd poured into a sock or maybe vanilla pudding in a hefty bag anyways happy wahmans day lol,hatespeech,hatespeech
6618397_gab,note how the blacks do not seem to be observing any sort of consistency in their ascending and descending of the stairway causing the young chinaman to have to wind his way around these irrational beast people it will not get any better china it ll only get worse get rid of them,offensive,hatespeech
18749159_gab,yeah that really cool and all but it turns out women niggers spics jews arabs asians and boomers also vote,hatespeech,hatespeech
1114981420508827648_twitter,<user> she is being threatened with actual violence not the pretend violence you are worried about,normal,normal
27444536_gab,i think i like gab for two reasons great memes and reading my husband argument threads i met and married this atheist but according to several nazi types i have married a jewish man does placing loads of exclamation points and random caps locking constitute better arguments 😂,normal,normal
14792974_gab,star wars is so gay,normal,normal
8619849_gab,the communists insist shitskin foreign invaders are real americans they can label it any way they want so long as we hurry up and get to the civil war and ethnic cleansing two of my favorite american traditions welcome to the continent,hatespeech,hatespeech
14362769_gab,with each passing day i am coming more and more to the conclusion that women are some kinda nigger variant,offensive,hatespeech
1173971919735066627_twitter,yes you can be a bigoted racist homophobic pile of redundant protoplasm and others will gladly show your terrible ass the door,normal,offensive
1178877608492072961_twitter,australia is the poor white trash of asia,offensive,offensive
1178832589735567360_twitter,tw rape mention also the fact this perso mentioned sa survivors being the only valid asexual ppl is so funny to me bc i identified as ace for a hot second and was literally raped by a guy who thought that if i had sex i d be fixed lmao,normal,normal
1178754672355618822_twitter,this nigga austin smoke w his little work faggots everyday but never has a wood to match or anything niggas a weed mooch,offensive,offensive
11117384_gab,oh god clippy how i hate that thing it was a like a retarded version of siri or cortana but every bit as annoying to get rid of,normal,offensive
1179077923568934912_twitter,<user> self induced energy poverty canadians will be seeking refugee status south of the 4 9 th by <number>,normal,normal
1185276139411005442_twitter,<user> <user> last time i checked he has <number> career sacks vs the eagles layne johnson has made him his bitch,normal,normal
6698611_gab,richard spencer has neither confirmed nor denied that he is a faggot,offensive,offensive
1178923296684941312_twitter,<user> go to bed faggot,offensive,offensive
15510473_gab,woke anti islam bc u think arabs are ugly and stupid also woke anti islam bc ur an ethno nationalist joke anti islam bc ur mad about terrorists,offensive,offensive
1178330260728958977_twitter,pretty sure reducing an entire language of a culture to meaningless vowel gibberish akin to ching chong ding dong is fucking racist my guy whether it intended or not is fucking irrelevant,normal,hatespeech
1207554952685637633_twitter,<user> ahh saba saba you can take the out of work jihadis in the <number> states to one of the congi states it of course kerala,offensive,normal
1179091734162284550_twitter,<user> you are welcome love sending love i hope you feel even a little better soon hugs,normal,normal
16628983_gab,princess michael wore a nigger brooch to meet harry nigger jew fiancée 😂 judenpresse expresses outrage and offence 😂 😂,hatespeech,hatespeech
1179072183403978753_twitter,send me cursed shit,normal,normal
1088181315327877120_twitter,fuck you fake ass hoes,offensive,offensive
1179054834781245440_twitter,<user> you guys are so pathetic we get it ur sensitive but stop ruining all the good thjngs for us straight white christians go be happy ohh wait nothing is enough to make u happy,normal,normal
16878190_gab,not <percent> jap i am willing to bet there is a generous dollop of hooknose in her blood,offensive,hatespeech
1178754165130092545_twitter,my ex has a weird infatuation w dykes,offensive,offensive
20633746_gab,i never knew a jew hater until i joined gab gab is crawling with them impotent little fucks desperate to blame jews for their shitty little lives nazi wannabes hahahhahahhaahhahahhahaha friggin morons,hatespeech,hatespeech
1196726966847623169_twitter,<user> <user> those women they returned gave births to jihadis who returned back for jihad that how it works,offensive,normal
1178958398676766721_twitter,<user> <user> did that make them white,normal,normal
15500373_gab,beat a guy from bejing in the world jousting final found a chink in his armour,hatespeech,hatespeech
1143619335505793026_twitter,<user> <user> some retard already made a like farming meme about him,offensive,offensive
1178018289122824193_twitter,my sister is becoming more ching chong pretty much taller and so fucking similar to my personality i should feel threatened,normal,hatespeech
16074606_gab,with a high purchasing currency youth could buy more stuff find a girlfriend buy a house and keep the economy going jews will put all humanity in deathcamps and slave factories if humnaity doesnt unite agains the jews and their racism against all mankind,hatespeech,hatespeech
25944151_gab,prince harry got dam mother wuz a filthy mudshark too i can not expect her garbage libtard son to be any better werd is born,hatespeech,hatespeech
1178360025993142275_twitter,<user> i long for the days where faggots who tried to erect some satanic statue wouldve been shot on the spot,hatespeech,offensive
1177565490320949253_twitter,prolly heard i was broke from a broke nigga prolly heard i was a hoe from a hoe 🤒,normal,offensive
2097350_gab,i felt like i was needing a bit of a boost so i looked at a few more compilations of the retarded anti trump brigade they always bring a smile nevertrump sjw have such sweet and salty tears no logic just tears,offensive,offensive
26256291_gab,we must secure their rights not to be gang raped by muslime trash,hatespeech,hatespeech
2457842_gab,you can call me extremist degenerate deplorable kk whitest or whatever other name you like immigrants have taken what few job american have and corrupt politicians and corporation have taken the rest so do not give us any of this poor immigrant crap then use our taxes to support them,hatespeech,offensive
14287906_gab,good thing nigger rhymes with nigger or lil wayne would be out of a job,hatespeech,hatespeech
1103485105891434497_twitter,i forgot all about my steak in the damn sink 🤦 🏼 ‍ ♀ ️ ion even wanna cook the bitch now,offensive,offensive
13794503_gab,understandable i prefer the company of women over men but respect still has to be earned and worked for on both sides,normal,normal
1178395438250115073_twitter,i would do for my niggas what they will do for me bust a faggot like you for free,hatespeech,offensive
1187113823397920768_twitter,hottest picture ever red and white bathing suit free dick pictures boobs clips bra panty photo,normal,normal
9634543_gab,that really brave of these four women on cnn to publicly state their iq with their hands on national tv kudos for being honest for once with the <number> people that still watch your fakenews delusional globalist liberal entertainment channel cnn cnnisisis cnnblackmail msm <user>,normal,normal
23417113_gab,claims intelligence posts headline from drudge run by a faggot kike hillary lover your a shill parody of yourself q qanon maga shills,hatespeech,hatespeech
12154153_gab,london stan under attack again police suspect it was four old white women upset because they did not have enough recreational centers i would suspect liberalism and jews paying sand niggers but hey i do not have a degree in journalism,hatespeech,hatespeech
13667671_gab,fox news bill o reilly given <number> million contract just weeks after sexual harassment payout telegraph hotpagenews com r <number>,normal,normal
16018169_gab,i would just stab nigger one on one its fair fight now 😉 if he try something 🤗 🤗,hatespeech,hatespeech
1178642248004751365_twitter,that not a compliment a compliment is you are sexy you turn me on not not one look at you and i know i am queer,hatespeech,normal
1178972194363363328_twitter,she was subjected to rape threats which police never investigated when this happens to female mps it trending news,normal,normal
1178918089246806017_twitter,this goofy ass nigga wanna follow me on the gram,normal,normal
18202714_gab,youth homicide almost all black on black to the point they have a police squad dedicated to it called trident the same with youth violence blacks,normal,normal
1179000518242422784_twitter,un*merce <censored> is just another white bitch trying to look as black as possible,offensive,offensive
14262757_gab,do currys pc world employ anybody other than pakis cos that the only people i have seen on their adverts and on that subject why does every advert involving a family are either black or have at least one half cast kid some of us have managed to keep our families english,normal,normal
23267605_gab,this is what you nazi faggots do all day,offensive,offensive
1084551933740773376_twitter,bitches love a <number> x <number> triptych,normal,offensive
1178706937610768385_twitter,<user> for what joy you just relax and enjoy govt freebies like muslim girl education madrasa funds shadi bhagya scheme imams and muzziens salaries haj subsidy <number> etc etc,normal,normal
1257886286091878400_twitter,i hate you i love you,normal,normal
1178334905165651968_twitter,miss the chinaman in the hood yo,offensive,normal
1179100968660717568_twitter,<user> interesting analogy the new world order globalists are jews trying to create hell on earth communism pedophilia homosexuality to bring forth their messiah mother goose of all fables now they label her as a successor of christ will they kill her like they killed christ,hatespeech,normal
1086658262899011585_twitter,<user> she a radical islamic terrorist nuff said,offensive,offensive
1178810298125492225_twitter,i am gay which means i am still awake at <time> because i am thinking about crushes like gosh shut the fuck up my brain,normal,normal
1178456104738725889_twitter,white supremacy is so mentally poisonous that a victim of it like <user> can dismiss it still irrationally focus on immigrants as a threat,normal,normal
1178741733053603840_twitter,<user> good these mcu faggots gonna get schooled on what a good spiderman tobey is,normal,offensive
10550171_gab,i have had way too much experience with diversity hires most have made <number> to <number> times what i do have had comical english served no purpose other than to take a job from an american i am talking chinese women here not blacks,hatespeech,normal
1179019377481572352_twitter,can i wear all white on halloween lls,normal,normal
12726539_gab,when someone ask me if i love immigrants i say yes when they are in horizontal position and cold,hatespeech,normal
4569323_gab,<user> cell em with the biggest hairiest bull dykes in the joint,offensive,offensive
20989384_gab,i hope there are not many of my fellow asians in sweden high chance of falling victim to islamic rape gangs in that country,hatespeech,offensive
1179014612340985856_twitter,<user> its about illegal immigrants as apart of national security this has to be done india is not a refugee home for illegal immigrants,normal,normal
14298342_gab,<user> was a useful tool for a few months bringing new ideas to homosexual worshipping millennials he a gateway drug,normal,offensive
1178829382997164040_twitter,white bitches that swear they from the hood and wear big hoops,offensive,offensive
22005487_gab,so i got called a nappy headed nigger jew 🤣 🤣 🤣,normal,hatespeech
1179035134206459906_twitter,it officially october where my niggers jason n freddy,normal,hatespeech
1241814287796056064_twitter,<user> ghetto it ’ the fuck ghetto lol,offensive,offensive
1185012057663528960_twitter,<number> women are trash,offensive,offensive
2154282_gab,<number> incidents of harassment reported since trump won that number seems small considering there close to <number> million criminal illegals that need to gtfo maga gabfam speakfreely,offensive,offensive
1278521007691743232_twitter,actually who ’ boyfriend lmfao the way my life set up men hate me more than women 😫 😍,normal,normal
1178957475879325696_twitter,<user> as harsh saying the best way to honour the murdered mp jo cox would be to get brexit done comparing black people to pickaninny muslim women to letterboxes no i do not believe it harsh at all,normal,normal
21614722_gab,tillerson is a globalist i was surprised he was ever hired he likes having queers in the boy scouts,offensive,normal
12950895_gab,he did and the nigger he was talking to also admitted that whites becoming a minority is not going to stop the hatred directed at us,hatespeech,hatespeech
1113499178632658944_twitter,<user> serbs are asian but i suppose a low class geographically retarded american would not be able to tell,offensive,offensive
22190329_gab,very interesting to see what strikes fear into the hearts of leftists it not islamic jihadists it not muslim rape gangs it not ghetto crime it not mexican drug cartels it the idea that a white person could be violent that scares them,offensive,offensive
11137637_gab,even without counting illegal immigrants the vast majority of immigrants entering the u.s. are from the third world maga,normal,offensive
8038954_gab,it an incident you hear that incident if it was a white guy it would be terrorism you know we should figure out what the arabs are doing,offensive,offensive
3224609_gab,when your government is more concerned with not hurting illegal immigrants sensibilities than protecting your person family or property from said immigrants you do not have a government your have an enemy,offensive,offensive
1179096065993302017_twitter,u white devil,offensive,normal
1234483055437471745_twitter,<user> <user> please greece stop killing refugee children,normal,normal
1179038976671240194_twitter,<user> my bad comparing the great ian curtis to some porch monkey is sac religious damn i miss his songwriting,normal,normal
24138735_gab,problem for you is that you do not understand statistics it the methodology of that research it wasn t to determine a physical trait it used non verbal testing to determine a mental trait and niggers on average are borderline retards and visual evidence confirms it get owned nigger,hatespeech,hatespeech
1122915768600072193_twitter,<user> they just some hating hoes tho lol,offensive,offensive
8577246_gab,as a muslim child i never knew whether to be happy or sad when my mother would tell me clean up your room it looks like a bomb has gone off in there,offensive,normal
13403307_gab,this guy is an apostate he is no more a muslim than jesus christ,normal,offensive
1181975809361371137_twitter,<user> i hate you i ’ m just reminiscing,offensive,normal
9612559_gab,<number> pres rchd spencer vice pres <user> hatch plan <number> get jews blacks <number> leave the country universal basic income creates massive hyperinflation the poor the jews move next up <number> our team getting gays <number> leave after they have gentrified all the ol black ghettos altrightfanfiction,offensive,offensive
24795919_gab,theresa may treason has no limit as she appoints sajid javid home sec in charge of uk security police immigration a moslem of pakistani origin civil war seems to be the only route,normal,hatespeech
12537526_gab,hope they keep getting hit fuck spics what has any spic or spook nation ever contributed to america besides leeches criminals and drugs,hatespeech,hatespeech
24024663_gab,are you serious dude im literally retarded ur in the middle of gab defending a pedo for some reason while at the same time saying i manipulated you at what end of this equation do you end up looking good why do this,normal,offensive
1178562125117173760_twitter,you are a lady uyasebenta and independent you drive a nice car you own a nice apartment you are beautiful and fun but every weekend you wake up with a different guy in bed cry and claim you were raped you do not even remember having sex with them wtf yini lenkinga i am lost,normal,normal
20296525_gab,black rapper should sing to sadiq khan about all his very young brothers being stabbed to death by his muslim brothers,normal,normal
20303259_gab,fake news losers cnn are using scripted questions to suppress a badly needed open discussion about gun violence and mass shootings this puts our schools and children especially at risk we should revoke cnn broadcast license their actions will lead to more domestic terrorism,normal,normal
25346126_gab,if that silver is not an ovenable rat faced kike i do not know what is,hatespeech,hatespeech
1185789459335385088_twitter,<user> not newark that ’ ghetto,normal,normal
3775928_gab,<user> i am a libertarian and i have never heard that before i am also alt right because you can not have a country without borders you can not have a free market with a welfare system you can not have peace and prosperity with dindus muzzies and wetbacks killing and stealing everything,hatespeech,hatespeech
1179074607015444489_twitter,<user> <user> jani look after baar afghan where <number> women were raped by us soldiers,normal,normal
4305867_gab,<user> it already happened the jews would kill the arabs and build something like israel it silly to believe that jews can not build a civilization independently whatever their parasitical traits relative to whites they are not worse than east asians who build civilizations just fine,hatespeech,normal
13771423_gab,naturalization in early america was limited primarily to those who had been formed by western civilization especially since we had a problem with the muzzies in tripoli our way of life was informed by the universal principles of the declaration,offensive,hatespeech
1173565646770229248_twitter,adulting is the nastiest most ghetto thing ever created and i want nothing to do with it,offensive,offensive
1187186514855378945_twitter,men who refer to women as females steal,normal,normal
1178691072303812608_twitter,all i did was wake up and love myself and some group of uneducated white girls are yelling nigger at me through the internet before lunch,normal,normal
27316579_gab,the retarded asshole justin trudeau has received a well deserved bitch slap from president trump,offensive,offensive
12195162_gab,as a honky mofo i hate honkies who hate other honkies just because they hate being honkies they ownselves sad is not it let us get a movement going move to mecca that should work well for lgbt and jews,normal,offensive
13443541_gab,and a girl who exposed multiple vegas shooters was killed a couple days later these evil faggots kill everyone 😠 so freeing to use that word here 😄,offensive,offensive
1142248599209816065_twitter,wait other single people exist you mean not every gay person is taken 😱,normal,normal
19138070_gab,once again the first lady of the ghetto shows us all exactly what ungrateful ghetto trash looks like,offensive,offensive
11248377_gab,escape from the ghetto of grievance culture and permanent victimhood take the green pill and croak your free speech on gab,normal,normal
1178850205564846082_twitter,nigga jay z said i am what supreme did not become niggas is not listening,normal,normal
1179098103284211712_twitter,anyway justine as called max a slur justine has been cancelled max is a free dyke now,normal,offensive
1178843246837092353_twitter,my grandma was legit the best role model my daddy could ask for she had a degree and a career and raised him in a christian household and the stupid nigger still chose the streets 😭,normal,hatespeech
4592022_gab,the republican efforts to get their own magic negro into the presidency was an attempt to recreate a kinder friendlier version of obama they could lead him by the nose on foreign policy while keeping economic policy status quo and getting less racial tension libs were right uncle tom,offensive,offensive
1082827818948382720_twitter,you aint getting no bag from me better find captain save a hoe,offensive,offensive
1100358109636280321_twitter,some people will hate you talk about you then they see you and show respect,normal,normal
4160017_gab,david a clarke jr ‏ <user> 1 5 h15 hours ago i am tired of this jigaboo telling black people who they should be what they should do he a lackey for democrats,offensive,offensive
1175220262012379137_twitter,<user> bitch ain ’ t no sike mfs sick,offensive,offensive
1193468919559938048_twitter,im gonna rt lesbian porn so yea,normal,normal
15479355_gab,is that why its illegal to say the holocaust is a lie or is it because jews do not want people find out the holocaust is a lie forgivehitler,hatespeech,offensive
1091308231865946112_twitter,let ’ talk abt fionn whitehead in dunkirk,normal,normal
1178926649422864384_twitter,peppered cheeses made my son gay,offensive,normal
1178838374548852736_twitter,<user> <user> old adage always be aware of a smooth talking mussie arab,offensive,hatespeech
1178979938436866049_twitter,<user> both my ashkenazi parents took dna tests and it showed that they were both <percent> <percent> ethnically jewish my dad even found out he has some sephardi in him the other <percent> <percent> in them was north african no white in the mix there,normal,normal
12647173_gab,hunger games with little niglet babies,hatespeech,hatespeech
15818321_gab,see its going on about iq and shit now lol same shit same kike shit,hatespeech,hatespeech
15074241_gab,exactly right in fact the only immigrants to assimilate in less than <number> generations are the asians due to their propensity to over achieve the black population was kept from assimilating by democrats,offensive,offensive
1142371416823742464_twitter,red velvet got called black old and homophobic all by their own fandom i can ’ t 😭,normal,normal
1084561299642695680_twitter,haille nickerson grimsby on had <number> pts in <number> mins in <user> loss to acadia can ball,normal,normal
19236068_gab,you hear even supposedly learned niggers say ax d as a substitute for ask all the fucking time so ghetto it a black thang no it a nigger thing,hatespeech,hatespeech
13285441_gab,there a kike around every corner a false friend around every bend,hatespeech,hatespeech
25803928_gab,inherent in inbreeds which is nearly all moslem shite,offensive,hatespeech
27457937_gab,chelsea just piss on me handler just another zhid oxygen abuser,hatespeech,hatespeech
1154548_gab,fraud polls have to pivot to reality in the final weeks to cover their tracks and preserve future credibility hillary trump are you with her hillbully nuclear holocaust for sure,offensive,offensive
9703469_gab,i was really happy when my wife told me she was pregnant and it was going to be a girl now i can stop all this gay shit with my son,offensive,normal
1115697903681527808_twitter,if you ’ re an army that is republican you are not welcome here we hate you,hatespeech,normal
1248696347957645315_twitter,wow im gay,normal,normal
18936818_gab,girls should have some sort of hat pin and stick it in the muslim scum eyes,hatespeech,hatespeech
1178508067958382592_twitter,saints please go get a white qb this week anybody better than that nigger teddy,hatespeech,hatespeech
1220265243005288448_twitter,iokanopenprison human rights organisations are sleeping for kashmirs because they are muslims <user> <user>,normal,normal
10723581_gab,hard to believe discord is hopping on the impotent pr stunts train if you had actual nazis on your platform coordinating violence or etc and knew where they were you d quietly forward all the server logs to the fbi not play chicken with apparently politically correct anarchists,offensive,offensive
18546522_gab,hilarious insult i just saw on pol if i had a satoshi for every time you shills shitposters made a dumb frankpost i would be able to afford a helicopter off the deep web and throw each and every one of you insufferable faggots off into the middle of the ocean,offensive,hatespeech
1263573501098614784_twitter,<user> <user> kindly check them 😂 they are pakistani cannot export anything better than jihadi terrorists 😄 beggars,hatespeech,offensive
8544614_gab,liberal elites are silencing its citizens to promote its globalist agenda and to make islam dominant in germany the people must reject that and vote liberals outta office quickly or face losing germany history and culture,offensive,offensive
17940228_gab,lol i see you changed your picture so you can advocate mixing races while using the fellow white people line,normal,normal
1183598610778222592_twitter,<user> or stop letting so many immigrants in might also help,normal,normal
6350512_gab,we are lucky his son died before he got sudden jihad syndrome the ft hood shooter killed more us soldiers than moslem soldiers have died fighting for the us in the past <number> years that is easily checked,normal,hatespeech
1178329421180264449_twitter,so i binge watched dear white people yesterday and i started s2 today when i tell you all i screamed when tessa showed up,normal,normal
17370829_gab,i hope all you muslimes die long painful horrible deaths,hatespeech,hatespeech
19679648_gab,guilty until proven innocent unless you are a jew a nigger or a lover of both,hatespeech,hatespeech
1179030757555261440_twitter,<user> <user> <user> <user> <user> <user> that funny i can not for the life of me remember even one circumstance where any democrat sided with putin kim jon un nazis white supremacist or the kk,normal,normal
18119321_gab,enjoy being a childless nigger fucker,hatespeech,hatespeech
2399896_gab,<user> i saw one the other way in awstun tonight looked like a fat dyke with stubble completely wrong bone structure,hatespeech,hatespeech
16210558_gab,the iranian regime has a mosque in my home town thousands of miles from tehran its controlled by the revolutionary guard do not let the persian kike fool you,hatespeech,hatespeech
25856411_gab,who gives a fuck about the sand nigger palestinians if they wanted peace there would be peace if isreal wanted war the palestinians would be dead wake the fuck up berry,hatespeech,hatespeech
1178378974067675136_twitter,<user> <user> a white ethnostate just without white women to a degree similar to ancient athens there ll be several rings of living space the inmost reserved for white men not the irish slavs jews italians balkans new worlders etc,normal,normal
1178781806570528768_twitter,<user> can pope francis offer a holy mass for justice to victims of horrific crimes rape murder violence knife attacks abuse verbal physical by migrants illegal aliens refugees and all foreigners whose value system and practices condone such crimes and insult christianity,normal,normal
1187838569748029446_twitter,whyte men that workout switch harder then women ol jiggly booty,normal,normal
20215097_gab,why do you have that kike shit tavor,normal,hatespeech
6867113_gab,that little asian thug had it coming you do what the police tell you to do does not matter the time does not matter the place that chink got what was coming to him blue lives matter these officers risk their lives for the employees of united boycott united is fucking stupid,hatespeech,hatespeech
1178928604538970113_twitter,<user> i am a lesbian i like women 😔,normal,normal
1179091297639878656_twitter,i fucking hate slow ass people at fiu bitch move that fuck out the way a nigga got class fuck,normal,normal
1126776008877772800_twitter,right away back to sleep getting called retarded of off phil downy spanish egirl,offensive,offensive
1178747946998874114_twitter,<user> can you imagine the media and public outrage if that had instead been some white trailer trash harassing people going to a pride parade or to a climate change strike i guess the alt left only believes in diversity and tolerance when it comes to their causes,offensive,normal
23085433_gab,lies i d shove the kike in an oven it where kikes belong,hatespeech,hatespeech
1178141043105120257_twitter,<user> do i look like a faggot basher to you you stupid fucking human boy you have got a mouth,normal,offensive
26833728_gab,doing hippie shit like this makes our side look retarded but these people were never really on our side,offensive,offensive
26031908_gab,it would not surprise me if obama was behind the nut cases that have shot up schools i have never trusted that man and his muslim ties,offensive,offensive
1144330047756443648_twitter,kristen stewart has been talented this whole time you all just anti women,normal,normal
1079097212024410118_twitter,when people have never had one real conversation with you but yet find <number> things to hate you about 🙄,normal,normal
19661304_gab,we know u were at chippendales u queer homo 🙄,offensive,offensive
27816916_gab,libtards are in denial that there is a mass global migration happening they have learned taqiyya quite well from their moslem overlords,hatespeech,hatespeech
1143112613246595072_twitter,we need to respect muslim army because they are human too,normal,normal
1122704476358545409_twitter,thanos big hoe ass,normal,offensive
4873802_gab,i am waiting for libtards to say all statues and paintings depicting women are modelled after moslem women,normal,normal
1178249976201261056_twitter,<user> <user> but nokuthula is the first barrier to their businesses so they are protecting nokuthula so we can see that having white protection gives you ultimate protection you know the house negro shows of benefits of being one mugabe was for the people gaddafi for africa hani for africa,normal,normal
8738595_gab,anyone that says this is normal or it just their religion is your enemy and should be treated as such muslims treat their children and women worse than garbage by rape molestation murder child marriages beatings acid attacks and fgm under sharia this could be your children islam,offensive,offensive
14354356_gab,london that the former capital city where the natives are a minority right the one with a sand nigger muslim as mayor,hatespeech,hatespeech
1178811948168863744_twitter,can someone explain to me why people why people like queer eye for the straight guy it seems to me that it perpetuates negative stereotypes about gay men and straight men,normal,normal
3334032_gab,<user> you have got to realize they do not go to muslim countries because they are not refugees they are the frontline foot soldiers of a terrorist army this is all part of their plan to conquor the world maga,hatespeech,normal
1179046988282781697_twitter,<user> i can not push him away when he in position he will do his thing he will pull out when he done sounds like a daughter who has been repeatedly raped by her father,normal,normal
11364259_gab,trending again why does not the donald bitch slap kim jong hippo,offensive,offensive
3418902_gab,<user> that explains why you do not have a problem with white genocide you are not white you are a kike that hates european whites fuck off,hatespeech,hatespeech
5311962_gab,we had a day with immigrants mexicans literally nothing what about days without other groups a day w o asians car accidents fall to all time low math left unsolved,offensive,offensive
1185551143167913984_twitter,at that time there was also one young homosexual male prostitute riding in the boat,normal,normal
23158710_gab,because this is a free speech platform and what i have posted to gab would not be considered doxing even by twitter standards if you guys can not take the heat then get out of the fucking kitchen your bitch ass friend wanted war and he got it get ready to lose faggot,hatespeech,offensive
15730084_gab,nice idea but i doubt it as my jewish gf back in hs used to say a jew is just a nigger turned inside out neither can ever be satisfied if you give a jew your teeth he will want your eyes too,hatespeech,hatespeech
17622816_gab,orca the niggerette lesbian can go fuck gayle,hatespeech,hatespeech
14035101_gab,non white and kike we are coming for you a white revolution is on its way,hatespeech,hatespeech
1178258350124879873_twitter,crop this you fucking faggot,hatespeech,offensive
1112434819483480065_twitter,<user> yea u ’ d be retarded go to werk guy,offensive,offensive
11776825_gab,i love the gab community my favorite gabbers are the ones who yell nigger every chance they get,hatespeech,hatespeech
1871459_gab,the neo pagan classical alt right will worship a genderqueer odin a gay hitler and the 3 rd season of the wire on blu ray gonna be big,normal,normal
1226014940215021573_twitter,<user> god i fucking hate you,normal,normal
9867117_gab,well my dear lgbtq brothers and sisters i do not want to die at the hands of a muslim terrorist and as you are putting my life in danger with your politics i would like to suggest that you all go fuck yourselves,hatespeech,offensive
1178987503942062080_twitter,the atma contained in me used to occupy the body of oskar schindler there are nine thousand schindler jews who are only going to procreate i will not go near jews or israel until it aspires to or manifests a level of love prevalent at camp echo lake,normal,offensive
11912871_gab,whatever man starting to think this place will just belong to <user> and not <user> soon everyone will just leave it to you some of us do not trust liberal jews at all but we sure do not want them all dead and are getting tired of it,offensive,offensive
10401577_gab,there is no such thing as islamophobia being a phobia means your scared of it the emotion i have about islam is not fear,hatespeech,offensive
1179095064762617858_twitter,bill the redneck sold a cow and then fell asleep before waking up to rumble of a diesel engine,offensive,offensive
1179103188026134529_twitter,<user> spoken like a true conservative christian republican party member your peeps are the original illegal aliens squatters and invaders eddie,normal,offensive
20366024_gab,this retarded nazi think that i said hitler banned guns is their any hope for these liberal socialists i think not,offensive,offensive
14589613_gab,tell me again why the bronze medalist muzzy was given this honor white privilege,hatespeech,normal
1103311923066490880_twitter,best new shoes,normal,normal
1114742810740051968_twitter,<user> its probably indonesian malaysian muslims who retweeted it,normal,normal
1177359479794524162_twitter,classifying and judging people promotes violence non violent communication ahimsa,normal,normal
1179094203269308426_twitter,<user> when white ppl are speaking for us and ignoring the fact that racism is something which exist in every country in my country white ppl were attacked and raped black ppl were slaves for us etc tweeting such bs will not end racism it only helps racism,normal,normal
12600538_gab,if female files for divorce the man should be awarded with kids and there should be no financial compensation awarding female if non marital sexual relationship of women will be found and proven in front of court the contact with her kids should be forbidden,normal,normal
13283126_gab,and all the sex will be gay or lesbian,normal,normal
14537881_gab,a majority of us votes against muslim immigration and thanks to the total death of sweden that is happening right now we will begin with mass deportations in the future we are nationalists we love our country and our way of life consensus in our country is illegal immigrant gtfo,hatespeech,offensive
1215679596336689155_twitter,<user> calling a thing a thing does not make it a thing it just makes you look retarded,offensive,offensive
15979921_gab,failed moslem terrorists do not get any virgins just arse raped for eternity by big dindu nuffins with bars of soap they only use for the occasion,hatespeech,hatespeech
1236544887216132096_twitter,<user> we need all muslims removed from power before they destroy us all,hatespeech,offensive
4101661_gab,disruptj20 trying to cancel the inauguration deploraball with butyric acid so much for the tolerant left breaking undercover video exposes groups plotting criminal activity and violence at <user> inauguration,normal,normal
17092374_gab,what was meant as a workable salvation for all a banner for bold brave men ye make a ghetto for the insipid pleasures of impractical self flagellating piety addicts the pharisees persecuted the church and it grew ye join the church and the world shrugs and ambles away bored churchians,offensive,offensive
1256650136656068611_twitter,<user> is canada where all that arabs people live i thought it was part of america,offensive,normal
1178792661727109120_twitter,screw it i will just kill all of you,normal,normal
1089761766823940097_twitter,gonna get some nasty ass niggers to set fire to this neighborhood,hatespeech,hatespeech
15263357_gab,when asked what prince phillip thought about harry and megan he answered i have no problem with this historically the royal family has always owned a nigger or two,hatespeech,hatespeech
16129041_gab,shuttener of kike banks,hatespeech,hatespeech
10695473_gab,<user> who does this cocksucker think he is all of us including the homo know exactly who he is a faggot who desperately hoping to get beaten up on a dark street by cops a a p,offensive,offensive
1178770882543673345_twitter,that lil girl ain t lie about them white kids cutting her hair her parents were probably forced to recant,normal,normal
23377953_gab,match <number> a nigger wins a championship match <number> a nigger wins the battle royal now <number> niggers are singing fuck this whole thing im gonna play gta5 fuck wrestlemania 😡,hatespeech,hatespeech
1252609725826347008_twitter,<user> sweetheart this is beautiful i wanna be part of cool asians so bad 🥺,normal,normal
1328755_gab,if being gay so trendy acceptable why do so many celebs and politicans have fake marriages,offensive,offensive
5399581_gab,<user> you are too wonderful of a man to be in the late 1 9 2 0 better the late 1 9 5 0 as wwii would be over men were men women were respectful and loving dressed like ladies conservative women still are and do,normal,normal
1183454972626776070_twitter,<user> not anymore gay game anyways,offensive,normal
1178694945319858184_twitter,<user> <user> they visited helped provided food to those kps while islam c terrorist butured raped and forced them to leave their own land,normal,normal
15651358_gab,to all of you fawning over altright women you are a faggot these women have not red pilled anybody they have lead them astray you accept women as your leaders now might as well have voted for hillary most of their followers are civic nationalist cucks who woke,hatespeech,offensive
12384445_gab,i have jew relations but they are not friends zero jew friends i was raised in the south and i always point out how their retard politics made it very hard for a right wing mischling kid with a military dad raised in the south,offensive,offensive
12325945_gab,gab is a closed social network it is impossible to see any posts without registering first as such it is good for echo chamber but unusable for propaganda or making any statement this has to change otherwise it ll turn into an information ghetto or reservation for right wingers,normal,normal
1178747464171556864_twitter,bitches b a different type dumb ain t no way i am holding a nigga in jail down you all lives must be very boring,offensive,offensive
27470117_gab,road worn kikess on wrong side of <number> needs validation badly posts shitposter dms in transparent humblebrag remains divorced with no meaningful prospects will likely die surrounded by cats many such cases,hatespeech,hatespeech
1122361671706505216_twitter,people asians cant rap <user> hold my fanny pack,normal,normal
22104070_gab,arabs invented the condom <number> years later british troops removed the condom from the belly of the goat,offensive,offensive
1179048241045872640_twitter,<user> 😂 mary my dear you can not kill yourself come back let us finish ourselves at ojuelegba,normal,normal
22796031_gab,really am epic success presided over intended destruction of usa got elected and re elected with zero resume id theft false documentation acted unconstitutionally avoided impeachment a very successful scrawny evil nigger faggot,hatespeech,hatespeech
18152238_gab,😂 😂 😂 so now there is straight cancer i guess there is homosexual cancer too what next,offensive,normal
26824865_gab,duterte said he would sort out brighton you gotta get the best to do the job do not care if you are chink paki nigga can you do the task,offensive,hatespeech
1211444261935288320_twitter,im literally not a zionist but dear lord how hard is it to just recognize that people just genuinely despise jews,normal,offensive
1081238592968638464_twitter,set my lil brother bail at half a mill rat ass niggas,normal,normal
22100176_gab,labour concillor in telford more concerned about someones words on twitter than paki moslem gangs raping white children,hatespeech,hatespeech
1261409514042978305_twitter,<user> i dont understand this either but i would unfollow any account posting or retweeting nazi symbols 😳,normal,normal
1179060056563818504_twitter,boo 👻 👺 👻 sorry did i scare you 🙃 🙃 it cocktober 🍆 😈 🌚 u kno what that means slut -o- ween send this to <number> of ur sluttiest ghost 👻 bitches 🙎 if u get <number> back ur a slutty witch 🔮 bitch but if u get <number> back ur the spookiest slut on the block 🌚 😈 🔮 💯,normal,offensive
20448576_gab,a negress too dumb to fuck has a scant chance of understanding anything beyond the size of a dick,hatespeech,hatespeech
22331692_gab,imagine unironically believing the high iq kike meme,hatespeech,hatespeech
20133226_gab,cheeky chinaman,offensive,normal
1145230342527291392_twitter,<user> <user> it is the fact that he defending an homophobic white supremacist whose a friend says it all,normal,normal
18906315_gab,you and your fellow ladies better get your shit sorted out now because a bunch of gook chicks who get plastic surgery to look more white a ton of white women who let themselves become obese,hatespeech,hatespeech
7934523_gab,and president trump will not be bowing to a raghead either,hatespeech,hatespeech
1277253_gab,<user> i know you muzzies are peaceful cause that what you keep telling us are not you late for blowing up a building or something,hatespeech,hatespeech
23403686_gab,gas the kikes and muzzies with tide pods at least they will be clean enough to show up at church,hatespeech,hatespeech
1248753642129285124_twitter,<user> i literally hate you,offensive,normal
12013273_gab,sounds like something that needs a team of shark kike lawyers to sniff out,hatespeech,hatespeech
1178808989552787457_twitter,are ps4 faggots still mad that the best game atlus will ever make is tokyo mirage sessions yeah they mad mad is the only ps4 exclusive,normal,offensive
1178702948806938625_twitter,much like the aedes aegypti i only bring disease to humanity and yet some consider me beautiful,normal,normal
17213526_gab,we are one of the most intimidating and athletic people alive with strict training even a ghetto gangbanger can reach spec ops level it true we are hardy folk,offensive,offensive
22852348_gab,because i am not a burgernat like you go play kike in the oven,hatespeech,hatespeech
20199568_gab,jew are in a hurry to kill all whites because the lord of the bible has promised them that once all whites are gone black people will work as slaves in their factories see what they convince blacks to do to white peoplein south africa,hatespeech,hatespeech
20632309_gab,i really dislike this nigger another example of no talent niggers gaining fame for its loud mouth back in the day we knew how to deal with a uppity nigger,hatespeech,hatespeech
1178815750687076352_twitter,my homie medicine hoe no versace this nigger,normal,hatespeech
1124390880188747776_twitter,infatuated wit pretty bitches,normal,offensive
15873740_gab,ban abortion for white women,offensive,normal
20429337_gab,pile of shit ny jew kike failure,hatespeech,hatespeech
5613562_gab,so let me get this straight last year activists made a big stink about no blacks at the oscars and this year an all black cast with a black director won best picture you want me to believe this was based on talent maybe do not make a stink,offensive,offensive
1178694425372807169_twitter,<user> <user> <user> europe is willing to share the refugee burden and has been doing as such for a long time however deliberate and encouraged by the turkish state invasion of illegal immigrants into europe as a means of blackmail will must not pass europe can answer in many ways,normal,normal
1185614380664274946_twitter,peaches really the biggest crackhead i have ever seen on god this person is retarded i really think she has a mental issue bcs,offensive,offensive
15705858_gab,following on from the other socialist tory pm the equally useless europhile traitor camoron theresa sharia may decides to try the hug a moslem suicide bomber approach,hatespeech,hatespeech
1103135489689825280_twitter,ion know why bitches be so shameless to be on some fan behavior shit,offensive,offensive
1179094938824265729_twitter,<user> <user> we need encouraging words this administration has made ameria one of the shithole countries please stop this insanity,offensive,offensive
3449511_gab,<user> go back to israel with your sand nigger wife and mutt child,hatespeech,hatespeech
1099854268876627968_twitter,<user> ur noy missing anything trust us still boring af amp still white af,offensive,normal
1212102253492023297_twitter,<number> year old white women who ship r*ylo <censored> i don ’ t expect you to understand because you ’ re not a minority,normal,normal
1222524448827273217_twitter,<user> how many caucasians are infected with the virus,normal,normal
11783475_gab,the first white president since were going into skin color now obama was the first nigger president lets return to the good old times,hatespeech,hatespeech
1189567918465605632_twitter,this is my last year being gay,offensive,normal
2387023_gab,jake tapper says fake media incited gunman at comet pizza he forgets cnn constant false narratives of white racism have incited murder of police officers around america and fueled race riots in several cities if trump or bannon are hurt the blood is on cnn hands pizzagate <user>,offensive,normal
1169959895963242501_twitter,<user> <user> what kind of retard falls for this,offensive,offensive
3869967_gab,just putting this out here most queers are alcoholics 😎,offensive,normal
1118164544919093249_twitter,hol up now let me turn up ona hoe,normal,offensive
20336013_gab,not like the whale has a choice only a nigger would touch that vile bitch let alone fuck it,hatespeech,hatespeech
15979959_gab,give me a fucking break as if there is something to debate here blacks are inferior to whites and asians by every measure that why black communities are an absolute mess if you believe in evolution you have to accept equality is a myth,offensive,offensive
1113283213940666368_twitter,<user> <user> you retarded asl,normal,offensive
1179038144466833409_twitter,<user> <user> and a ching chong and bing bong to you too,offensive,hatespeech
26319862_gab,ok glad to see you are ok was thinking the muzzy got you lol <happy> 🤗 😘 ❤️ ️ 🌺 💐,normal,hatespeech
17847403_gab,i will keep my bigotry right here thanks you people niggers and jews and i can not think of anything worse than nigger jews double whammy of wtf,hatespeech,hatespeech
1100426090907082752_twitter,bruh i am buying this car from this nigga and he acting weird as hell keep looking over his shoulder,normal,normal
18352124_gab,token astronauts jeanette epps negress replaced with mexican chic x feed the fish sally ride lesbian quota affirmative action segregation hbcu,offensive,offensive
1221163179054551040_twitter,problematic obsessed ugly ghetto old frog face how dare you <user>,offensive,offensive
16023241_gab,<number> <user> were marketed under speakfreely <number> the terms changed halfway through year one to restrict speech under 1 a <number> then pressured by kike groups like your wife you silenced political dissidents your argument works while companies can limit 1 a those days are ending wrong side of history,hatespeech,hatespeech
9211433_gab,she wasn t elected there is no world in which a dyke could be elected in serbia it was a theresa may situation the previous pm resigned and she got in,hatespeech,hatespeech
1266455983175266304_twitter,all the hispanics who say the n word and asians who say the n word are real quiet now come out now,normal,normal
15236372_gab,you can sleep safe at night knowing these wonderful ladies at nato are defending you from moslem terrorist,hatespeech,hatespeech
26277753_gab,not that they should be identifying with that trash at all but white people should say whatever words they want fuck niggers and their jew record labels this white people can not say nigger but we can thing is just more hook nosed bullshit,hatespeech,hatespeech
24903668_gab,nigger better keep his head down lolol an audit he wants an audit he will get,offensive,hatespeech
1178778761262551040_twitter,<user> lmfaoo ya moms a hoe,normal,offensive
1178323750519005184_twitter,get that person out of here rallies mexican immigrants r murderers rapist shootings russia if you are listening hacking we need to protect the whistleblower at all cost you know what we use to do to spies trump uses his platform to insite violence get results,normal,normal
10824649_gab,sucking all the msm dick eh curry nigger race traitor tell em how you are really an sjw who sides with sadiq khan mayor of londonstan and believe curries and sand niggers should steal whyte wymn and destroy the white race gabfam speakfreely tell em how you censor downvotes profitmonger,hatespeech,hatespeech
25909905_gab,good post however i do not think the term blame is technically not accurate enough or carries the correct nuance try something more like you will discover it is the fucking jews behind it every single time,offensive,offensive
5378469_gab,i hate to rain on your parade but iceland is considered the most feminist country in the world and is first country to have an openly lesbian butch dyke pm caveat emptor,normal,offensive
7577640_gab,this is now the case in every country run by liberals the islamic soros state is a nonstop isis cancer funding for a guaranteed liberal dictatorship that willnever leave and switch the population to immigrants and kill off the native people history religions cultures economies and futuregenerations,normal,offensive
1121888092850401280_twitter,<user> <user> you are so retarded,offensive,offensive
1179074253439819776_twitter,<user> had this ru jewish boss who was obsessed with capitalism scared of the us becoming too different aka brown and eternally grateful to reagan for giving him an opening to be a refugee in the 8 0 of course he was the right kind of immigrant lol,normal,normal
1178665557735944197_twitter,<user> <user> <user> <user> <user> iraqi refugees were forced to flee and started waiting for resettlment since <number> till now is it time to be fair is it time for equality is it time to componsate them the waste years that lost in waiting they lost everything stand with iraqi refugees,normal,normal
1178824377661640706_twitter,prolly heard im a hoe from a hoe,normal,offensive
3246451_gab,<user> blacks muzzys wetbacks first,hatespeech,hatespeech
1178871624147357697_twitter,<user> fuck you too,normal,normal
11901142_gab,i took my black powder <number> cal muzzie loader out to the road mounted on the scope i can even use rocks when i run out of lead great gun except in the rain,normal,hatespeech
1178946397330182144_twitter,i had an aunt that passed away that the family suspected was a lesbian my mom said we will find out at the funeral the day of the service the church was full of dykes 😩 🤦 🏽 ‍ ♀️ 🤣,offensive,offensive
1255658624149487622_twitter,lol <number> for a desk and <number> for shipping please fuck off i hate you,normal,normal
23991722_gab,taylor swift is a natural beauty if you compare her to the sheboons in the music industry i understand why men flock to her,offensive,offensive
1161763575863664640_twitter,<user> <user> lol most terrorist are muslims the numbers do not lie,offensive,offensive
12664110_gab,well obviously they must be a diverse group of morbidly obese transgendered persons some blacks hispanics some veiled muslims a few asians and a white girl i guess and they should replace the dallas cheerleaders,hatespeech,offensive
18412030_gab,they do but they have some lame ass idea that they can benifit from it as its replaced and they are just dumb enought to think this time they will get it right they are just as retarded as you but arguably better at murder just saying,offensive,offensive
1179089213146505217_twitter,the idea that ace people are coming into lgbt spaces suggests that ace people are not queer and also reeks of here they come into our spaces rhetoric that would not fly if it were white people talking about black people or men talking about women and rightly it should not,normal,normal
1178775580713590792_twitter,<user> cof fucking nigger cof,hatespeech,hatespeech
1178450391618355200_twitter,<user> <user> <user> <user> <user> <user> <user> white christian boomers trashed the economy environment so their own kids could not enjoy the wealth the they did maybe you all should have had more abortions then your kids and grandkids would not have to hate you,normal,normal
10704751_gab,if white nationalist want to rally they should have all rights to feel safe and be protected by police same goes for blm antifa gays everyone unless its reason to believe its for violence,normal,normal
1178747237465239554_twitter,chambers pls do not get raped today,normal,normal
1194735603566481415_twitter,<user> she switching like faggots,offensive,offensive
13801330_gab,look at these crash dummies w those retarded black teffelin cubes,offensive,offensive
16362795_gab,twitter purge gab fam fuck shaun king mudslime piece of genetic trash,hatespeech,hatespeech
1179090758873337858_twitter,<user> mine is a fucking asshole but a pretty cute asshole,normal,normal
1085366496958865408_twitter,one of the worst show to movie conversions ever last airbender i had succesfully forgotten about that hoe til i seen its on hulu,normal,offensive
6361940_gab,i love the straight up coverage and no holds barred language do not get to see enough of that rebel rocks that reporter had better bulk up though before the muzzies get a hold of him,hatespeech,hatespeech
1178670491479035904_twitter,i just want louisiana twitter to know that you niggers are the sole reason disney do not wanna buy twitter it all right here on tl,hatespeech,hatespeech
14165684_gab,if you act like a nigger your future will reflect that,hatespeech,hatespeech
1179079715799388161_twitter,i cant why do all white kids sound like that omg,normal,normal
20875844_gab,skinny nigger in africa vs fat nigger in chicago that the best i can do which equates to spoiled nigger in america i guess,hatespeech,hatespeech
1178708692553756672_twitter,where is the dignity as muslims people are being killed women being raped by the indian army why cant you guys say anything when the whole world is talking about this issue,normal,normal
14863115_gab,i firmly believe that there will be conservatives who are no where near the alt right that will get purged twitter policies are purely situational and they define violence as anything a conservative or libertarian tweets,offensive,normal
20441809_gab,jews are just nuts blowing the dyke in new orleans bombing countless airliners shooting arab kids sinking ships firebombing dresden bombs in iraq and the list goes on and on,hatespeech,hatespeech
24232340_gab,as we say in grappling it only gay if you make eye contact,normal,normal
27955937_gab,another ignorant yank the injuns are immigrants like us fucking mongoloids from asia just like jews but they were immigrants not kike landsquatters,hatespeech,hatespeech
1172966232640950272_twitter,note if you are <number> and upwards you are not retarded you are extra retarded for being <number> years old or younger and on twitter,offensive,offensive
1179020332050501633_twitter,<user> good will be more hindoo than islamoc pakistan brace for lot of muslim refugees from all over india,normal,normal
1251874732770820099_twitter,<user> i love it when he said “ well she ’ white so definitely not my type ” 😂 😂,normal,normal
9827968_gab,nigger is not something we use it just is not but since they say we can not say it i like to show them that we can see miracles do happen i think the <number> big dirty words are nigger kike cunt and broke,hatespeech,hatespeech
24530370_gab,the good thing about the nazi dumbasses is they hold their national convention in a phone booth for you young dumbass nazis that a little bitty space i have heard you can get <number> people in one,offensive,offensive
1179097851936329728_twitter,<user> the fact that you had <number> and <number> mikes 😭 😭 and some vodkaa bro you were asking for it u cant mix four loko with no other alcohol unless you tryna die,normal,normal
1192110061553901568_twitter,<user> yeah but were you in london full of illegal immigrants you know in brexitland everyone vill verr dee poppy or else,hatespeech,offensive
17374984_gab,white men must change back to pre 1 9 6 0 when men married and raised their kids men worked at whatever job it took to make sure their family had a good life white men must reject ghetto morals and live for god family and america,offensive,offensive
1187498969557094406_twitter,gays if your hag is dating a homophobic man then yes the rumors are true your hag is homophobic too,offensive,offensive
1178889977599414272_twitter,<user> no i mean white is a term used specifically for europeans caucasians in racial terms that is a parody a a account tho 😛 one of the best taking potshots at woke liberal leftist islamist cabal,normal,normal
24824526_gab,the gook hooker gets lots of shekels from heebs,hatespeech,hatespeech
10034563_gab,people that think that they have a personal relationship with talk to a fictional kike pervert pacifist on a stick are insane perverts by dictionary clinical definitions most people are insane it is a matter of degree,hatespeech,hatespeech
8132018_gab,a glance at pew research shows that today the political affiliation of white catholics in the us mimic the party affiliation ratio of white people as a whole not sure when that shift happened probably post kennedy,normal,normal
24821091_gab,you are a literal retard pal i can not even reason with your pathetic statement who founded america when you do your research and reply i will give you real lesson in history 😁,offensive,offensive
21760024_gab,that a retarded non argument the bible is also a best seller in communist china,hatespeech,offensive
17936793_gab,murdered by illegal immigrant,normal,offensive
1179011342277234688_twitter,guess you gotta be a bum bitch to get shit from niggas now a days,normal,offensive
16865539_gab,for all you white people time to wake the fk up white people freed the blacks and gave them a future in the <number> the democrats stepped in with pres johnson and bought them back into slavery with welfare by destroying the family no father needed and urban ghettos were born,offensive,offensive
1178894629766402049_twitter,coke white bitches,offensive,offensive
1178764781014147074_twitter,whats with this creepy pirate following me around and singing wtf fucking queer,offensive,offensive
1104975660844347392_twitter,<user> hm somehow i do not care about the opinion of someone whose only tweets about the tribute are abt the white women,normal,normal
1179105676355870727_twitter,<user> how about illegal immigrants should we give free abortions to illegal immigrations or do you not accept the morality of my question,normal,normal
20639179_gab,please people do not reply to this ignorant peasant raghead as it is from one of them it is unable to differentiate between a child and a woman as mo the pedo married a <number> yr old they also cannot tell between women and goats both have beards after all,hatespeech,hatespeech
14564271_gab,i tire with you all day same just blah blah blah kike you will see it a dream cheese puff boy go bed it a school night 😉,hatespeech,hatespeech
4538880_gab,feminists had nothing to say about the swedish woman gang raped by three muslim men on facebook live i guess they were too busy dressing up like giant vaginas and whining about the mythical wage gap,hatespeech,offensive
1233090030601560065_twitter,<user> women were gang raped in his house is it true women body found in backside gutter kf tahir,normal,normal
12443667_gab,edited their news headline for clarity the most common baby name for a moslem in england muhammad mohammed,offensive,normal
12354531_gab,got my mail all women home in the afternoon met one at mailbox she get people magazine delivered i pointed to her mag and asked how old were you when you began to hate the truth she made a dirty asian face at me,offensive,normal
1178937094686695424_twitter,<user> <user> have you actually spoken to immigrants about their experience of friendly australians or are you triggered by this statement you will find racism is alive and well here down under if you are not a white european,normal,normal
27587484_gab,naw i d rather shoot you in the open nazi fag howdidyousayyouwouldstopmefaggot lol maga presidenttrump <user> ‍ aka greatautist,hatespeech,hatespeech
1178784199689539587_twitter,dykes on the tl having nat icons yes we are,normal,normal
20740370_gab,white cop walking through ghetto halt right there stop trying to build wakanda black person pew pew pew,offensive,offensive
1186126853330948096_twitter,today in shae can only tight kite in blackjack apparently,normal,normal
25589782_gab,<user> you killed it man great job verbally shoving that kike in the oven you are a fucking hero,hatespeech,hatespeech
1178767686232428546_twitter,some of you all retarded retarded,offensive,offensive
1178891409484468225_twitter,some girls going around exposing ppl aib beh kene sikit nk ching chong lebih haha,hatespeech,normal
14486749_gab,i was living in charlottesville va when this drug addled nigger was dc mayor he was the laughingstock of white virginians as was the district and district voters at the time,hatespeech,hatespeech
14463649_gab,nigger males are faggots on the down low another reason why aids figures so prominently in their ethnic grouping only the least desirable of white women settle for muh dick these women have either low self esteem daddy issues and or low iq a deadly combination for white women <user>,hatespeech,hatespeech
1178453172853121024_twitter,seven bitches with me and ain t none of them mediocre from they head to they toes they so far from mediocre hadi yallah ananızı sikerim,offensive,offensive
1178778481787842560_twitter,<user> lets see you retweeted and called me a weirdo ur clearly talkin to me unless u was side tweetin me like a faggot which one is it,normal,normal
1178560907250667520_twitter,niki is a faggot i love them,hatespeech,offensive
6075391_gab,every tarantino film at this point is him making black revenge porn to atone for his dead nigger dropoff line from pulp fiction i hope he cuts it out at some point and makes real movies again,offensive,hatespeech
19455317_gab,you say you like roosh while he shits on the alt right and boasts about banging our women in the same breath you sing the praises of a female nigger thot race war choose a side,hatespeech,hatespeech
12385252_gab,only those who already had high iqs would have been able to move to winter lands not that the winter made them intelligent really retarded logic from those who spread the theory john is talking about,offensive,offensive
2357768_gab,fuck these whine tit leftist fuck their rock singers fuck their rap stars fuck their child molesting politicians fuck their sympathy for retarded foreigners and bad actors fuck their gay ass sitcoms fuck their lame late night comedians fuck their white hate fuck their patriotic disloyalty,hatespeech,hatespeech
26311137_gab,okay and i hope the same happens to you kike faggot,hatespeech,hatespeech
1179102626207686657_twitter,<user> <user> <user> it was way better than sonoma if you remember your redneck jesus won the glenn also,normal,offensive
6615207_gab,<user> do not be scared of that real women like a strong confident man not the type of men that exist now that are asking for permission to kiss their wife,normal,normal
1181346131122348032_twitter,lmao that lil muslim rep was cheating on her hubby the whole time with multiple people involved in her political journey 😂,normal,normal
16980527_gab,the warsaw ghetto uprising was the jewish resistance that arose within the warsaw ghetto in german occupied poland during world war ii and which opposed nazi germany effort to transport the remaining ghetto population to treblinka extermination camp,normal,offensive
24543097_gab,you have to be one of the absolute dumbest motherfuckers on gab i am muting you now i d say good luck with your libertarian fantasies but i would not mean it in your case because i actually hope you get raped by a pack of nogs,hatespeech,hatespeech
1091133367150657537_twitter,<user> <user> she grown and can do what she wants talk to my friends nice bitch,offensive,offensive
11154758_gab,excuse me oh no i wasn t born into incest that was birthed out of the anus of a wunder you will have to take that up with that fat ginger state goobering retard lol,offensive,offensive
23173712_gab,apparently there was a tea stain on the qu ran that blocked some text scientist have discovered what it covered mohammed was a gay prophet as is allah though mohammed went a step farther and was a tranny too,offensive,offensive
1178735809358450688_twitter,there is no logical or just reason for a mediocre few shielded from competition propped up by inherited riches and passports to feast on the world riches under the guise of meritocracy <user> ungrateful refugee <number>,normal,offensive
7740932_gab,might as well say an enemy of america since he is enabling the moslem scum banislam,offensive,hatespeech
1096834881718501377_twitter,<user> erm tommy robinson isn ’ t against refugees,normal,normal
1178771212002107392_twitter,<user> should not this headline be the black girl that blamed white christian boys was a hoax seems that is how it was framed yesterday all over the media,normal,normal
9832237_gab,i am part potato nigger so i am not welcome here anymore i have to go back,hatespeech,hatespeech
11933625_gab,<user> you are easily the best youtuber out there but you are still a nigger,hatespeech,hatespeech
2984966_gab,<user> i hear the ghetto calling oops my bad that was your porch monkey momma,hatespeech,offensive
15123450_gab,most jewish writings indicate that what we call a superiority complex is combined with a persecution complex sprinkled with paranoia how else can it be explained that jews are so universally fixated on the alleged <number> million jews who supposedly died in the holocaust,hatespeech,offensive
1178876725767364608_twitter,titty job prolly the most foo shit a bitch could do,offensive,offensive
1181640449062297600_twitter,i can ’ t believe some arabs sexualize wearing pants inside the house around the family embarrassing amp disgusting,offensive,offensive
22430338_gab,i carry a legal knife in canada with me everywhere the minute i see a black man or a shit skin moslem approach i prepare for an attack i will not be a victim but i will create a dead attacker if need be,hatespeech,hatespeech
1166228097861111809_twitter,<user> prince is not gay like i am pretty sure i heard he was a homophobe,normal,normal
18586242_gab,canadastan jihadi justin caliphate,offensive,offensive
1177931546822680576_twitter,<user> idk if i am annoyed or sad for her self esteem honestly 🤦 🏽 ‍ ♀️,normal,normal
13435516_gab,exactly but if a white <number> years ago defended himself against a black attack then it is an epidemic,offensive,normal
1188156422506176512_twitter,i have yet to see someone animate men the same way women get done any sudden movement and his massive dangle goes jingle jangle,normal,normal
1174791771949322245_twitter,deadass gon go lesbian,normal,offensive
1239198065497722880_twitter,twitter on the laptop is the ghetto i want my phone back now,normal,offensive
21793340_gab,lol what a fucking retard,offensive,offensive
1179066581944557575_twitter,i find it funny that people from shithole countries black people brown people those nasty the squad ladies nasty meghan the dreamers those migrants seperated black football players people of color are not the people that is on his ass it white people,normal,offensive
15354084_gab,that sound you hear in the distance is the 2 nd civil war approaching texas state student paper ran a pro white genocide article ontologically speaking white death will mean liberation for all … until then remember this i hate you because you should not exist,hatespeech,normal
8475483_gab,sadiq khan kebab givin muzzie love today makes me wanna do this 👇,offensive,hatespeech
1185115711481495553_twitter,i just can ’ t vibe and party with anybody ready for my bitch to be with me in november,normal,offensive
10844643_gab,reading the bible taking torah bible courses mandatory for any immigrant no matter what age then require they abandon islam i wish i were dictator when the king of kings comes back these folks will shrivel up in fear and run for their lives,offensive,offensive
1178727064397987840_twitter,<user> <user> <user> atleast ur country is secular pakistan is a muslim country nd they produces terrorists,hatespeech,normal
20449706_gab,lol the irony of calling me a nazi larper,normal,normal
1179088416220295169_twitter,<user> <user> <user> hell no you used americans tax payers money on illegal immigrants and now you want to claim a state of emergency you made this mess clean it up,normal,normal
25032736_gab,does spic look white to blacks,hatespeech,hatespeech
18729729_gab,more red pills for women more hayek for women more duckduckgo for women liberallogic,normal,offensive
1178932998336634881_twitter,get you a ugly nigga we dont cheat,normal,normal
22967436_gab,the kike shill psyop ricky vaughn has deleted his post where he stated white identity does not exist so i will post the screen shot here now ask ricky tkr get gassed faggot,hatespeech,hatespeech
1122578232014856192_twitter,<user> fix your game stupid retarded bitches,offensive,offensive
1179054175533125632_twitter,u ask these niggas to square up and they crack jokes but i am the faggot 😭 😭 😭 😭 😭 😭 😭 😭 😭 😭 😭 😭 😭 😭 😭 😭 😭 😭 😭 😭 😭 😭 😭 😭 😭,normal,normal
2642968_gab,<user> if that makes me racist someone buy me a white pointed hat,offensive,normal
26297406_gab,i support aborting shitskin babies and not white babies,hatespeech,hatespeech
1105577547675459586_twitter,i listen to the same songs everyday i love ariana and blackpink 😩 can they and selena release new albums please,normal,normal
24503426_gab,do the nigger fears his armenian nigger loving whore,hatespeech,hatespeech
14903335_gab,more swamp cesspool scum cannot cannot put together a coherent sentence must attempt to read from a staff prepared script reads so slowly you and he lose the thought if there is on a typical democrat liberal ghetto fool,normal,hatespeech
1170023024432693250_twitter,niggas get a knew outlook on life and think it okay to rekindle shit,normal,normal
4334117_gab,imgur could be turned right wing site easily if not for the mods they mostly ok with sexist stuff and anti muslim stuff the site just have a group of sjws that report everything and kike mods that delete stuff,hatespeech,hatespeech
1178838216184479744_twitter,<user> it starts off with that infamous footage where trump egomaniacally rudely arrogantly pushes away the prime minister of montenegro and trump is proud of that footage apparently we are letting trump down not sending in men with white coats to take care of him,normal,normal
1179093412290711554_twitter,<user> this is the twat who wants to start another holocaust in eire,normal,offensive
1267990699967946755_twitter,on today ’ episode of white people virtue signaling,offensive,normal
1676175_gab,<user> the important detail being brushed aside here is that he first inquired about housing refugees himself he just did not like the price govt offered him serves that fucker right,normal,normal
1179098610325164032_twitter,<user> <user> <user> <user> hebanna white person 🤣 🤣,normal,normal
15165556_gab,if u freinds wit a jew or nigger den u ain t no freind of mine,hatespeech,hatespeech
1160604827275206663_twitter,i ’ m not gonna promote anything of mine free palestine 🇵 🇸 🇵 🇸 🇵 🇸 🇵 🇸 🇵 🇸 🇵 🇸 🇵 🇸 🇵 🇸 🇵 🇸 🇵 🇸 and eid mubarak to all my muslim brothers and sisters ❤ ️ 🕌 🌙,normal,normal
1178920223216459776_twitter,what a baby 😍 for example whatever go kill yourself said …,normal,normal
15544535_gab,unfortunately thousands of women look like this they have overdosed on vitamin kike you should let them know about their condition the next time they stop in,hatespeech,hatespeech
17379077_gab,<user> the biggest enemy u have is yourself in ulster it the sf pan catholic front demanding abortion liberalisation homo faggot rights skank equality the prod dup are the social conservatives resisting this jew marxist attack as for shitskin immigration u should give a fuck,hatespeech,offensive
13517786_gab,they used to have cracker and honky now they have antiracist them to us racist us and nazi does this mean i can say nigger faggot kike sandnigger and spic again fuck you anti white scum 😬,offensive,hatespeech
1178720035604271108_twitter,<user> <user> we did not like them trying to be white like how the jews ran off people do not realize blacks are not anti semitic we are mad at them for abandoning us to go be white with white people when they used to be with us we are always left behind 😿,normal,normal
1179790509902123009_twitter,someone in my class looks like bruce from finding nemo but he laughs like a retarded seth rogen,offensive,offensive
20717209_gab,or because you have the entire mainstream media most of hollywood most of washington in your back pocket history will tell the truth muzzy boy barry,offensive,normal
13796553_gab,so explain why it the only aspect of history that is protected by laws in europe people go to jail for questioning any aspect of the holocaust,normal,normal
25789788_gab,fuck you trump just fuck you and your kike ass first bitch,hatespeech,hatespeech
1084918276835237891_twitter,if you read any of j jonah jameson ’ rants and replace “ spider man ” with “ immigrants ” that ’ pretty much our current president ’ rhetoric,normal,offensive
1179021718515568640_twitter,<user> <user> i presume the war queer was a character in the 5 0 th anniversary multi homosexual story day of the homosexual i never knew such a list existed in <number>,normal,normal
1178718171714457601_twitter,<user> <user> <user> socialists complain about white liberals all the time the problem is not that they are white it that they are liberals,normal,normal
11574290_gab,i openly challenge anyone to name one group that falls under the auspices of hillary alt right moniker i can name the alt left antifa blm bamn communist party islam fatso michelle moore all democrats and <number> repubs,offensive,normal
15536794_gab,you repost that faggot jew milo and moly jew again i might just stab you on twitter myself,hatespeech,hatespeech
12121127_gab,over the last week i was thinking that altretard pedo nazi faggot would become like the ultimate insult and then pewdiepie said nigger and the world came to an end no no apparently even the feelings of the altleft are retarded and unimaginataive,offensive,hatespeech
1251685574546583553_twitter,ugly women posting selfies is harassment,offensive,normal
1233479266223960066_twitter,<user> 🤣 😂 🤣 😂 🤣 yeah the nazis underestimated who they were dealing with too,normal,normal
17382671_gab,some butthurt kike reported this display picture i can not understand how it violates any of twitter rules tho,hatespeech,hatespeech
1103085686524166145_twitter,<user> ok buddy retard,offensive,offensive
17071040_gab,i sverige är det muslimer som begår de flesta grova brott allt enligt anonyma poliser <user> och <user> vet sanningen men de tror att folket är så dumma att vi fattar nada fuck islam,hatespeech,offensive
1178923484887433217_twitter,<user> kashmiri pandits run from their houses in fun they announced threats from mosques for themselves they killed themselves and they even raped themselves to defame kashmiri muslims,normal,normal
4072591_gab,director writer joss whedon is a pos he will drum up as much violence as he can from the comforts of his bespoke couch maga,offensive,offensive
1105140751673880576_twitter,<user> well during ramadan do muslims sit at home don t work and islam is based on democracy is biggest joke,offensive,normal
1179095795116773377_twitter,<user> <user> well when they finally kill all the actual hong kong residents china will have new owners for the properties but i sincerely doubt the previous owners will be paid,normal,normal
1215724609640783877_twitter,vietnamexolapologizetosechan their privacy has been violated the passport is spread because of a whore i hate you,offensive,offensive
26237918_gab,ghetto corner whore do you know your trailer is whiter than you rolf,hatespeech,offensive
12933032_gab,why do we allow any moslem filth brought here to begin with we have a right as a sovereign nation to disallow anyone we deem unworthy to be an american from coming here,hatespeech,hatespeech
1098931568628977665_twitter,<user> i am clearly a fucking retard,offensive,offensive
1179041529052237825_twitter,niggas is faggots bidding like that if u ask me,normal,offensive
16430676_gab,i never thought about race in terms of iq or nationalism it wasn t until the stupid left under dindunuffin obama that the anti white screed began to get loud and now i am a white nationalist thanks to the racist left i am embracing my ancestry my genes my origins white and proud,normal,hatespeech
18786838_gab,porn is not degenerate fuck you i will destroy all of you snow niggers and sand niggers if you lay a finger on porn,hatespeech,hatespeech
17010339_gab,iq nationalism leads to a jew asian bugocracy imposing miseries on heritage white americans that sound good to anyone but jews asians and their stepinfetchit swpl shitlib white lackeys,hatespeech,hatespeech
1089693014132441088_twitter,a buddy cop show where one of them is a holocaust survivor and the other is a holocaust denier,normal,normal
25121240_gab,i love it i have honey bees as well do not know where your at but here i had to put a fence around it to keep the coons from knocking my hives over fact,normal,hatespeech
1179101972336709633_twitter,<user> i want you to know i hate you with all my heart,normal,normal
16350214_gab,here the funny thing about sarsour she d never dare try to pull this bullshit in a muzzie country shed need that much makeup to cover the bruises from being slapped around by their cowardly men these maggots are establishing a caliphate right under our apathetic ignorant little noses,hatespeech,hatespeech
1103532988044886016_twitter,<user> republicans don ’ t hate gays,normal,normal
7757039_gab,dear sir the jews are bussing the muslims to the west without their planning operating this operation there was no muslim invation,offensive,offensive
24013190_gab,stop paying kike license,hatespeech,hatespeech
15069352_gab,dunno as long as we kept it strictly to drowning nigger babies,hatespeech,hatespeech
1257026487351341056_twitter,i can not believe how fucking retarded people are,offensive,offensive
10754706_gab,finally trump my man calling out both retarded sides,offensive,offensive
1178765620697079809_twitter,<user> however the biggest issue is i simply said just because the us thinks middle easterns are white and does not classify them as arabs cause for some dumb reason does not mean that they are right and with repeated dumb shit the us has done you can not just say trust the state,normal,normal
27877538_gab,bare in mind there are only <number> million jews in the world give or take and billions of other people of all religions when the day comes you <number> million will be mincemeat this time not fertilizer,hatespeech,offensive
22121304_gab,the pajeet invasion is particularly depressing the argument that works on normies for niggers and sandniggers does not work for pajeets pajeets simply drag everything down pajeets smile at you while they drown you in third worldism,offensive,hatespeech
20624917_gab,pan you cheater you are no newfag you are an expert on bloated kike identification,hatespeech,hatespeech
22152054_gab,london will probably become another ghetto just like paris and many other cities in the uk and europe sad really that the decline of western culture is and has been allowed or engineered to become so obvious to many of us,normal,normal
23332570_gab,imagine being a lying kike shill like <user>,hatespeech,hatespeech
1186112571734024197_twitter,niggas be so sensitive acting like bitches,offensive,offensive
10328560_gab,thinking about creating a based nigger in a trump hat twitter account just so i can get a shit load of followers fast then act like i just discovered the jews are up to some real shit see whose side the normie conservatives take lol,normal,hatespeech
6989298_gab,did islamists just bomb fleeing civilans from fuah kafraya in syria fuah kafraya are two besieged cities in the idlib province with a majority shia muslim population i wonder if western msm will write about this probably not,normal,normal
25597752_gab,i think our president is brilliant why are women such brainlets,offensive,normal
1178935339559374848_twitter,côte d ivoire a <number> year old girl was raped by an adult this little baby was found by his family bathed in his blood in a bush rape is a reprehensible act the culprit must be found and justice must be done we must denounce these despicable acts,normal,normal
1109850855585517568_twitter,<user> cause she aint dumb she know he been hoein around with naruto cousin karin and jugo,normal,normal
27479700_gab,ur a kike,hatespeech,hatespeech
24436049_gab,this is catching air because it happened at a christian school the muslim dominated schools of dearborn and hamtramck see kids shoved around and disciplined all the time according to islamist rules without a peep from the press,offensive,offensive
1178827004541640707_twitter,theres a gay form grindr in btusn club that i lnow,normal,normal
1208423404283596800_twitter,<user> <user> you ’ re a sand nigger lover 🤮 😂,hatespeech,hatespeech
1178912085830328321_twitter,i know the new dark mode helps w reading on your iphone at night but if that is not enough just go to your settings search reduce white point higher that to like <percent> it truly chefs kiss,normal,normal
17435869_gab,the traitorous anti american retarded liberal scum sucking parasites that criticize president trump are the unfit ones,offensive,offensive
16386499_gab,so this is what a social media ghetto looks like imprisioned by the fascist occupied internet from here we will plot resist and rise up,offensive,offensive
9622487_gab,actually the context is if anyone says moderate or radical islam they are slandering islam slandering islam is islamaphobia islamaphobia is now a crime in the eu many eu officials say outright moderate and radical islam charges need to be laid,offensive,offensive
1076718387361968128_twitter,<user> whitebreads have no taste says wholewheat 1 st gen immigrant currently residing in the corporate capital of the world,offensive,normal
19456053_gab,apples and oranges you said you liked a paki and loved a nigger not that you enjoyed watching the show they were on hypocrisy,hatespeech,hatespeech
1178887585831280640_twitter,woke up to ncr propaganda spray painted onto my trailer this means war kimball you gay faggot,offensive,offensive
1178748226859655168_twitter,<user> • supports our adversaries against our allies • removed immigrant children from their mother arms • opened detention centers for immigrants • lied when he took his oath of office • protects white supremacists • runs a crime syndicate yes impeach the mfer,normal,normal
1104904416430194688_twitter,all of my exes were cute but they were hoes i guess i only attract fly looking thots 😴,offensive,offensive
23674092_gab,sanctuary city leaders in los angeles are gloating over a court win over trump on withholding funds to the illegal abetters the ruling was handed down by a <number> year old spic judge who has been on the bench for over <number> years since appointed by lbj in the mid 6 0 manuel real,hatespeech,hatespeech
1117155026277949440_twitter,<user> <user> what you dont want illegal aliens in your city liberal logic is illogical,offensive,offensive
5219517_gab,looks like this fat fuck muzzie has not missed too many meals probably on the us tax payers dime these inbred muscum are the ugliest people in the world,hatespeech,hatespeech
1171521116570959872_twitter,<user> omg yes arab muslims rise 👁 ️ 👄 👁 ️,normal,normal
1178806479245254656_twitter,joyeux anniversaire robin <number> pardon je suis en retard we love u here <user>,normal,normal
1178382775482638337_twitter,if kyrie irving nigger ass thinks he getting a warm welcome in boston he can forget it,hatespeech,hatespeech
1179041480666693632_twitter,<user> <user> <user> lol false the holocaust was legal nationally slavery was legal until it was shown to be illegal all the while it was wrong though do not you agree that slavery is wrong objectively,normal,normal
1115554198853173249_twitter,<user> <user> and she ’ a fucking raghead moslem intentional spelling,hatespeech,hatespeech
1178984517866008579_twitter,<user> um are u aware of the fact that niggers sold or traded their people to whites how is that getting fucked also africa cant work at all without the help of whites so please just stop bc its getting embarassing,hatespeech,normal
1178920364702760960_twitter,<user> <user> <user> any race other than white are considered poc if asians are just asians then blacks are just blacks mexicans are just mexicans and so on,normal,normal
10527108_gab,except for that private cake company who was forced to bake a gay cake for a gay wedding that when it ok for the government to step in and force a private company to do what they want right faggot btw google is not a private company they are publicly traded,offensive,normal
5648766_gab,anti fa queers are planning to disrupt the march 4 trump rallies they will cause violence and try to portray us as the aggressors what did i just say about the american spring yesterday i said they love starting wars around the spring equinox will this be our lexington and concord we will see,normal,normal
6685041_gab,the vast majority of hispanics who have east asian heritage do so cause of ancient migration patterns of their ancestors but some countries like brazil and peru took in asian immigrants relatively recently even mexico has a small asian community,normal,normal
1165560301753790464_twitter,hey tie your shoes i do not want you falling for anyone else fine liereposposa atvistamall may mallshow si lie <user>,normal,normal
27656195_gab,i am <percent> irish origin both parents irish no dirty jew here the kike never infected ireland,hatespeech,hatespeech
16396565_gab,the thing you are forgetting is that alt right men prefer marraige alt right men would prefer it to be easier for immigrants to gain citizenship than for them to just stay here illegally,normal,offensive
5865200_gab,fat female scouts queers abound fuck em a new day has dawned,hatespeech,offensive
14701516_gab,cant wait for tesco ramadam t v advert it will probably feature a group of white men in a pub drinking alcohol gambling which would represent ramadam as much as hijab wearing moslem women do in tesco current christmas advert,normal,normal
1178974074501877760_twitter,<user> <user> <user> he raped and molested ur grandma or what 😂 😂 whatsapp university rss goons came back with fake news 💦 💦 💦 💦 💦,normal,normal
1178772817950543872_twitter,i do not think my bf knew what he was getting in a relationship with cause i will shoot his white ass if he keep leaving me on read,normal,normal
19987718_gab,would not call myself a vargonite but that nigger is more truth than anything you will ever be,hatespeech,hatespeech
1144544317953826816_twitter,thank god islam has made circumcision obligatory have you seen uncircumcised dicks they are the most ugly looking things 😷,offensive,offensive
22283835_gab,who the fuck is goatfucker hamed halts maul du beschissener hinterlader,hatespeech,hatespeech
1123298276558532608_twitter,we have a retarded ape in the oval office,offensive,offensive
1179090761125695488_twitter,youngster replied with mild surprise really oh kid pretty much all the schools were all white to start with and uga was one of the longer holdouts for an institution its size,normal,normal
18069994_gab,fuck a bunch of amnesty every last one of these illegal immigrants need to be rounded up like a herd of cattle and sent back to whatever shithole of a country they came from,hatespeech,offensive
21198393_gab,kike dike kathy schrock is leading educators all over the nation in ed tech a movement to get your kids more engulfed in techno addictions ed tech also pushes children away from local traditions into the curriculum models of silicon valley altrighteducation,hatespeech,hatespeech
27638324_gab,no sharia no cair no common core no muslin brotherhood no sanctuary cities or states our country our customs our way do not like it leave sharia law will never be accepted in america fran cifelli,normal,normal
1179097526852603907_twitter,<user> and wtf gives u the right to call white people crackers if ur trying to fight against racism,normal,normal
1234486222141214722_twitter,<user> patriot defended america against radical jihadists who put humans in cages and burn them alive,offensive,normal
13284688_gab,soon you will be thrown in jail for giving some rag head moslem bitch a funny look or not giving her your seat on the bus,offensive,hatespeech
1087550750455222272_twitter,fuck u dumb hoe,offensive,offensive
11388573_gab,i think when people say black community or hispanic community it really means ghetto i notice no matter what race all ghetto people have the same character traits and ignorant attitude they are all violent and easily lead the media is pandering to their ignorance,offensive,offensive
1076141284685942785_twitter,my homie asked if women like being treated like shit uh bruh idk 🤷 🏼 ‍ ♀ ️ that ’ a good question tho 🤔,offensive,normal
1228649923610103812_twitter,<user> the duffers are too homophobic 😔,offensive,offensive
24549572_gab,vote conservative if you do not want a nigger for a neighbour if you do not want a yid vote labour,hatespeech,hatespeech
1179063164672958465_twitter,tired of listening to cis het white girls shriek oh my gawd this is my song whenever jesse girl or stacy mom comes on allow me to introduce jesse mom girl a track by a woman about how jesse has a lesbian twin sister and she hot af,normal,normal
1185219554068369408_twitter,bitches b weird bro,offensive,offensive
